rollno,reg_no,time,date,lab,batch,batch1,term,session,ses_half,Centre,USER,Remarks
0.0,YS-N24/37-3700107/2013,08.00,19/09/2013,2,22051,CDTP,M,37,A,,PROMITA,
0.0,YS-N24/37-3700108/2013,08.00,19/09/2013,2,22051,CDTP,M,37,A,,PROMITA,
0.0,YS-N24/37-3700109/2013,08.00,19/09/2013,2,22051,CDTP,M,37,A,,PROMITA,
0.0,YS-N24/37-3700122/2013,08.00,19/09/2013,2,22051,DDTP,M,37,A,,PROMITA,
0.0,YS-N24/37-3700128/2013,08.00,19/09/2013,2,22051,DDTP,M,37,A,,PROMITA,
0.0,YS-N24/37-3700149/2013,08.00,19/09/2013,2,22051,CDTP,M,37,A,,PROMITA,
0.0,YS-N24/37-3700172/2013,08.00,19/09/2013,2,22051,CDTP,M,37,A,,PROMITA,
0.0,YS-N24/37-3700173/2013,08.00,19/09/2013,2,22051,CDTP,M,37,A,,PROMITA,
0.0,YS-N24/37-3700193/2013,08.00,19/09/2013,2,22051,DDTP,M,37,A,,PROMITA,
0.0,YS-N24/37-3700194/2013,08.45,19/09/2013,2,22051,DDTP,M,37,A,,PROMITA,
0.0,YS-N24/37-3700215/2013,08.45,19/09/2013,2,22051,CDTP,M,37,A,,PROMITA,
0.0,YS-N24/37-3700223/2013,08.45,19/09/2013,2,22051,DDTP,M,37,A,,PROMITA,
0.0,YS-N24/37-3700224/2013,08.45,19/09/2013,2,22051,DDTP,M,37,A,,PROMITA,
0.0,YS-N24/37-3700225/2013,08.45,19/09/2013,2,22051,DDTP,M,37,A,,PROMITA,
0.0,YS-N24/37-3700227/2013,08.45,19/09/2013,2,22051,CDTP,M,37,A,,PROMITA,
0.0,YS-N24/37-3700068/2013,08.45,19/09/2013,2,23051,CFAS,M,37,A,,PROMITA,
0.0,YS-N24/37-3700073/2013,08.45,19/09/2013,2,23051,DFAS,M,37,A,,PROMITA,
0.0,YS-N24/37-3700074/2013,08.45,19/09/2013,2,23051,DFAS,M,37,A,,PROMITA,
0.0,YS-N24/37-3700078/2013,09.30,19/09/2013,2,23051,CFAS,M,37,A,,PROMITA,
0.0,YS-N24/37-3700089/2013,09.30,19/09/2013,2,23051,CFAS,M,37,A,,PROMITA,
0.0,YS-N24/37-3700094/2013,09.30,19/09/2013,2,23051,CFAS,M,37,A,,PROMITA,
0.0,YS-N24/37-3700063/2013,09.30,19/09/2013,2,23051,CFAS,M,37,A,,PROMITA,
0.0,YS-N24/37-3700114/2013,09.30,19/09/2013,2,23051,CFAS,M,37,A,,PROMITA,
0.0,YS-N24/37-3700115/2013,09.30,19/09/2013,2,23051,CFAS,M,37,A,,PROMITA,
0.0,YS-N24/37-3700130/2013,09.30,19/09/2013,2,23051,DFAS,M,37,A,,PROMITA,
0.0,YS-N24/37-3700147/2013,09.30,19/09/2013,2,23051,DFAS,M,37,A,,PROMITA,
0.0,YS-N24/37-3700158/2013,09.30,19/09/2013,2,23051,CFAS,M,37,A,,PROMITA,
0.0,YS-N24/37-3700168/2013,10.15,19/09/2013,2,23051,CFAS,M,37,A,,PROMITA,
0.0,YS-N24/37-3700169/2013,10.15,19/09/2013,2,23051,CFAS,M,37,A,,PROMITA,
0.0,YS-N24/37-3700192/2013,10.15,19/09/2013,2,23051,CFAS,M,37,A,,PROMITA,
0.0,YS-N24/37-3700226/2013,10.15,19/09/2013,2,23051,CFAS,M,37,A,,PROMITA,
0.0,YS-N24/37-3700233/2013,10.15,19/09/2013,2,23051,CFAS,M,37,A,,PROMITA,
0.0,YS-N24/37-3700238/2013,10.15,19/09/2013,2,23051,CFAS,M,37,A,,PROMITA,
0.0,YS-N24/37-3700249/2013,10.15,19/09/2013,2,23051,CFAS,M,37,A,,PROMITA,
0.0,YS-N24/37-3700250/2013,10.15,19/09/2013,2,23051,CFAS,M,37,A,,PROMITA,
0.0,YS-N24/37-3700251/2013,10.15,19/09/2013,2,23051,CFAS,M,37,A,,PROMITA,
0.0,YS-N24/37-3700255/2013,11.00,19/09/2013,2,23051,CFAS,M,37,A,,PROMITA,
0.0,YS-N24/37-3700259/2013,11.00,19/09/2013,2,23051,CFAS,M,37,A,,PROMITA,
0.0,YS-N24/37-3700265/2013,11.00,19/09/2013,2,23051,CFAS,M,37,A,,PROMITA,
0.0,YS-N24/37-3700269/2013,11.00,19/09/2013,2,23051,CFAS,M,37,A,,PROMITA,
0.0,YS-N24/37-3700276/2013,11.00,19/09/2013,2,23051,CFAS,M,37,A,,PROMITA,
0.0,YS-N24/37-3700298/2013,11.00,19/09/2013,2,23051,CFAS,M,37,A,,PROMITA,
0.0,YS-N24/37-3700001/2013,11.00,19/09/2013,2,25051,CITA,M,37,A,,PROMITA,
0.0,YS-N24/37-3700002/2013,11.00,19/09/2013,2,25051,CITA,M,37,A,,PROMITA,
0.0,YS-N24/37-3700003/2013,11.00,19/09/2013,2,25051,CITA,M,37,A,,PROMITA,
0.0,YS-N24/37-3700004/2013,11.45,19/09/2013,2,25051,CITA,M,37,A,,PROMITA,
0.0,YS-N24/37-3700005/2013,11.45,19/09/2013,2,25051,CITA,M,37,A,,PROMITA,
0.0,YS-N24/37-3700006/2013,11.45,19/09/2013,2,25051,CITA,M,37,A,,PROMITA,
0.0,YS-N24/37-3700007/2013,11.45,19/09/2013,2,25051,CITA,M,37,A,,PROMITA,
0.0,YS-N24/37-3700008/2013,11.45,19/09/2013,2,25051,CITA,M,37,A,,PROMITA,
0.0,YS-N24/37-3700009/2013,11.45,19/09/2013,2,25051,CITA,M,37,A,,PROMITA,
0.0,YS-N24/37-3700010/2013,11.45,19/09/2013,2,25051,CITA,M,37,A,,PROMITA,
0.0,YS-N24/37-3700011/2013,11.45,19/09/2013,2,25051,CITA,M,37,A,,PROMITA,
0.0,YS-N24/37-3700012/2013,11.45,19/09/2013,2,25051,CITA,M,37,A,,PROMITA,
0.0,YS-N24/37-3700015/2013,12.30,19/09/2013,2,25051,CITA,M,37,A,,PROMITA,
0.0,YS-N24/37-3700016/2013,12.30,19/09/2013,2,25051,CITA,M,37,A,,PROMITA,
0.0,YS-N24/37-3700017/2013,12.30,19/09/2013,2,25051,CITA,M,37,A,,PROMITA,
0.0,YS-N24/37-3700018/2013,12.30,19/09/2013,2,25051,CITA,M,37,A,,PROMITA,
0.0,YS-N24/37-3700021/2013,12.30,19/09/2013,2,25051,CITA,M,37,A,,PROMITA,
0.0,YS-N24/37-3700029/2013,12.30,19/09/2013,2,25051,CITA,M,37,A,,PROMITA,
0.0,YS-N24/37-3700019/2013,12.30,19/09/2013,2,25052,CITA,M,37,A,,PROMITA,
0.0,YS-N24/37-3700020/2013,12.30,19/09/2013,2,25052,CITA,M,37,A,,PROMITA,
0.0,YS-N24/37-3700033/2013,12.30,19/09/2013,2,25052,CITA,M,37,A,,PROMITA,
0.0,YS-N24/37-3700034/2013,13.15,19/09/2013,2,25052,CITA,M,37,A,,PROMITA,
0.0,YS-N24/37-3700035/2013,13.15,19/09/2013,2,25052,CITA,M,37,A,,PROMITA,
0.0,YS-N24/37-3700038/2013,13.15,19/09/2013,2,25052,CITA,M,37,A,,PROMITA,
0.0,YS-N24/37-3700040/2013,13.15,19/09/2013,2,25052,CITA,M,37,A,,PROMITA,
0.0,YS-N24/37-3700041/2013,13.15,19/09/2013,2,25052,CITA,M,37,A,,PROMITA,
0.0,YS-N24/37-3700048/2013,13.15,19/09/2013,2,25052,CITA,M,37,A,,PROMITA,
0.0,YS-N24/37-3700050/2013,13.15,19/09/2013,2,25052,CITA,M,37,A,,PROMITA,
0.0,YS-N24/37-3700051/2013,13.15,19/09/2013,2,25052,CITA,M,37,A,,PROMITA,
0.0,YS-N24/37-3700057/2013,13.15,19/09/2013,2,25052,CITA,M,37,A,,PROMITA,
0.0,YS-N24/37-3700058/2013,14.00,19/09/2013,2,25052,CITA,M,37,A,,PROMITA,
0.0,YS-N24/37-3700067/2013,14.00,19/09/2013,2,25052,CITA,M,37,A,,PROMITA,
0.0,YS-N24/37-3700070/2013,14.00,19/09/2013,2,25052,CITA,M,37,A,,PROMITA,
0.0,YS-N24/37-3700075/2013,14.00,19/09/2013,2,25052,CITA,M,37,A,,PROMITA,
0.0,YS-N24/37-3700083/2013,14.00,19/09/2013,2,25052,CITA,M,37,A,,PROMITA,
0.0,YS-N24/37-3700093/2013,14.00,19/09/2013,2,25052,CITA,M,37,A,,PROMITA,
0.0,YS-N24/37-3700133/2013,14.00,19/09/2013,2,25052,CITA,M,37,A,,PROMITA,
0.0,YS-N24/37-3700022/2013,14.00,19/09/2013,2,25053,CITA,M,37,A,,PROMITA,
0.0,YS-N24/37-3700023/2013,14.00,19/09/2013,2,25053,CITA,M,37,A,,PROMITA,
0.0,YS-N24/37-3700024/2013,14.45,19/09/2013,2,25053,CITA,M,37,A,,PROMITA,
0.0,YS-N24/37-3700025/2013,14.45,19/09/2013,2,25053,CITA,M,37,A,,PROMITA,
0.0,YS-N24/37-3700026/2013,14.45,19/09/2013,2,25053,CITA,M,37,A,,PROMITA,
0.0,YS-N24/37-3700027/2013,14.45,19/09/2013,2,25053,CITA,M,37,A,,PROMITA,
0.0,YS-N24/37-3700028/2013,14.45,19/09/2013,2,25053,CITA,M,37,A,,PROMITA,
0.0,YS-N24/37-3700030/2013,14.45,19/09/2013,2,25053,CITA,M,37,A,,PROMITA,
0.0,YS-N24/37-3700032/2013,14.45,19/09/2013,2,25053,CITA,M,37,A,,PROMITA,
0.0,YS-N24/37-3700043/2013,14.45,19/09/2013,2,25053,CITA,M,37,A,,PROMITA,
0.0,YS-N24/37-3700044/2013,14.45,19/09/2013,2,25053,CITA,M,37,A,,PROMITA,
0.0,YS-N24/37-3700047/2013,15.30,19/09/2013,2,25053,CITA,M,37,A,,PROMITA,
0.0,YS-N24/37-3700049/2013,15.30,19/09/2013,2,25053,CITA,M,37,A,,PROMITA,
0.0,YS-N24/37-3700064/2013,15.30,19/09/2013,2,25053,CITA,M,37,A,,PROMITA,
0.0,YS-N24/37-3700082/2013,15.30,19/09/2013,2,25053,CITA,M,37,A,,PROMITA,
0.0,YS-N24/37-3700090/2013,15.30,19/09/2013,2,25053,CITA,M,37,A,,PROMITA,
0.0,YS-N24/37-3700091/2013,15.30,19/09/2013,2,25053,CITA,M,37,A,,PROMITA,
0.0,YS-N24/37-3700095/2013,15.30,19/09/2013,2,25053,DITA,M,37,A,,PROMITA,
0.0,YS-N24/37-3700096/2013,15.30,19/09/2013,2,25053,CITA,M,37,A,,PROMITA,
0.0,YS-N24/37-3700098/2013,15.30,19/09/2013,2,25053,CITA,M,37,A,,PROMITA,
0.0,YS-N24/37-3700100/2013,16.15,19/09/2013,2,25053,CITA,M,37,A,,PROMITA,
0.0,YS-N24/37-3700101/2013,16.15,19/09/2013,2,25053,CITA,M,37,A,,PROMITA,
0.0,YS-N24/37-3700138/2013,16.15,19/09/2013,2,25053,CITA,M,37,A,,PROMITA,
0.0,YS-N24/37-3700139/2013,16.15,19/09/2013,2,25053,CITA,M,37,A,,PROMITA,
0.0,YS-N24/37-3700186/2013,16.15,19/09/2013,2,25053,CITA,M,37,A,,PROMITA,
0.0,YS-N24/37-3700208/2013,16.15,19/09/2013,2,25053,CITA,M,37,A,,PROMITA,
0.0,YS-N24/37-3700042/2013,16.15,19/09/2013,2,25054,CITA,M,37,A,,PROMITA,
0.0,YS-N24/37-3700054/2013,16.15,19/09/2013,2,25054,CITA,M,37,A,,PROMITA,
0.0,YS-N24/37-3700055/2013,16.15,19/09/2013,2,25054,CITA,M,37,A,,PROMITA,
0.0,YS-N24/37-3700056/2013,17.00,19/09/2013,2,25054,CITA,M,37,A,,PROMITA,
0.0,YS-N24/37-3700059/2013,17.00,19/09/2013,2,25054,DITA,M,37,A,,PROMITA,
0.0,YS-N24/37-3700084/2013,17.00,19/09/2013,2,25054,CITA,M,37,A,,PROMITA,
0.0,YS-N24/37-3700085/2013,17.00,19/09/2013,2,25054,CITA,M,37,A,,PROMITA,
0.0,YS-N24/37-3700099/2013,17.00,19/09/2013,2,25054,CITA,M,37,A,,PROMITA,
0.0,YS-N24/37-3700102/2013,17.00,19/09/2013,2,25054,CITA,M,37,A,,PROMITA,
0.0,YS-N24/37-3700117/2013,17.00,19/09/2013,2,25054,DITA,M,37,A,,PROMITA,
0.0,YS-N24/37-3700134/2013,17.00,19/09/2013,2,25054,DITA,M,37,A,,PROMITA,
0.0,YS-N24/37-3700143/2013,17.00,19/09/2013,2,25054,CITA,M,37,A,,PROMITA,
0.0,YS-N24/37-3700148/2013,17.45,19/09/2013,2,25054,CITA,M,37,A,,PROMITA,
0.0,YS-N24/37-3700150/2013,17.45,19/09/2013,2,25054,DITA,M,37,A,,PROMITA,
0.0,YS-N24/37-3700170/2013,17.45,19/09/2013,2,25054,CITA,M,37,A,,PROMITA,
0.0,YS-N24/37-3700171/2013,17.45,19/09/2013,2,25054,CITA,M,37,A,,PROMITA,
0.0,YS-N24/37-3700175/2013,17.45,19/09/2013,2,25054,CITA,M,37,A,,PROMITA,
0.0,YS-N24/37-3700184/2013,17.45,19/09/2013,2,25054,CITA,M,37,A,,PROMITA,
0.0,YS-N24/37-3700185/2013,17.45,19/09/2013,2,25054,CITA,M,37,A,,PROMITA,
0.0,YS-N24/37-3700203/2013,17.45,19/09/2013,2,25054,CITA,M,37,A,,PROMITA,
0.0,YS-N24/37-3700213/2013,17.45,19/09/2013,2,25054,CITA,M,37,A,,PROMITA,
0.0,YS-N24/37-3700222/2013,18.30,19/09/2013,2,25054,CITA,M,37,A,,PROMITA,
0.0,YS-N24/37-3700234/2013,18.30,19/09/2013,2,25054,CITA,M,37,A,,PROMITA,
0.0,YS-N24/37-3700235/2013,18.30,19/09/2013,2,25054,CITA,M,37,A,,PROMITA,
0.0,YS-N24/37-3700046/2013,18.30,19/09/2013,2,25055,CITA,M,37,A,,PROMITA,
104.0,YS-N24/37-3700004/2013,08.00,20/12/2013,1,25051,CITA,F,37,A,,sharbani,
110.0,YS-N24/37-3700005/2013,08.00,20/12/2013,1,25051,CITA,F,37,A,,sharbani,
108.0,YS-N24/37-3700006/2013,08.00,20/12/2013,1,25051,CITA,F,37,A,,sharbani,
106.0,YS-N24/37-3700007/2013,08.00,20/12/2013,1,25051,CITA,F,37,A,,sharbani,
102.0,YS-N24/37-3700008/2013,08.00,20/12/2013,1,25051,CITA,F,37,A,,sharbani,
105.0,YS-N24/37-3700009/2013,08.00,20/12/2013,1,25051,CITA,F,37,A,,sharbani,
109.0,YS-N24/37-3700010/2013,08.00,20/12/2013,1,25051,CITA,F,37,A,,sharbani,
107.0,YS-N24/37-3700011/2013,08.00,20/12/2013,1,25051,CITA,F,37,A,,sharbani,
98.0,YS-N24/37-3700012/2013,08.00,20/12/2013,1,25051,CITA,F,37,A,,sharbani,
97.0,YS-N24/37-3700015/2013,09.30,20/12/2013,1,25051,CITA,F,37,A,,sharbani,
95.0,YS-N24/37-3700016/2013,09.30,20/12/2013,1,25051,CITA,F,37,A,,sharbani,
100.0,YS-N24/37-3700018/2013,09.30,20/12/2013,1,25051,CITA,F,37,A,,sharbani,
101.0,YS-N24/37-3700021/2013,09.30,20/12/2013,1,25051,CITA,F,37,A,,sharbani,
96.0,YS-N24/37-3700029/2013,09.30,20/12/2013,1,25051,CITA,F,37,A,,sharbani,
112.0,YS-N24/37-3700019/2013,09.30,20/12/2013,1,25052,CITA,F,37,A,,sharbani,
126.0,YS-N24/37-3700020/2013,09.30,20/12/2013,1,25052,CITA,F,37,A,,sharbani,
120.0,YS-N24/37-3700033/2013,09.30,20/12/2013,1,25052,CITA,F,37,A,,sharbani,
123.0,YS-N24/37-3700035/2013,09.30,20/12/2013,1,25052,CITA,F,37,A,,sharbani,
127.0,YS-N24/37-3700038/2013,09.30,20/12/2013,1,25052,CITA,F,37,A,,sharbani,
125.0,YS-N24/37-3700040/2013,09.30,20/12/2013,1,25052,CITA,F,37,A,,sharbani,
113.0,YS-N24/37-3700041/2013,09.30,20/12/2013,1,25052,CITA,F,37,A,,sharbani,
118.0,YS-N24/37-3700048/2013,11.00,20/12/2013,1,25052,CITA,F,37,A,,sharbani,
115.0,YS-N24/37-3700050/2013,11.00,20/12/2013,1,25052,CITA,F,37,A,,sharbani,
124.0,YS-N24/37-3700051/2013,11.00,20/12/2013,1,25052,CITA,F,37,A,,sharbani,
119.0,YS-N24/37-3700057/2013,11.00,20/12/2013,1,25052,CITA,F,37,A,,sharbani,
114.0,YS-N24/37-3700075/2013,11.00,20/12/2013,1,25052,CITA,F,37,A,,sharbani,
0.0,YS-N24/37-3700052/2013,18.30,19/09/2013,2,25055,CITA,M,37,A,,PROMITA,
0.0,YS-N24/37-3700053/2013,18.30,19/09/2013,2,25055,CITA,M,37,A,,PROMITA,
0.0,YS-N24/37-3700060/2013,18.30,19/09/2013,2,25055,CITA,M,37,A,,PROMITA,
0.0,YS-N24/37-3700061/2013,18.30,19/09/2013,2,25055,CITA,M,37,A,,PROMITA,
0.0,YS-N24/37-3700081/2013,18.30,19/09/2013,2,25055,CITA,M,37,A,,PROMITA,
0.0,YS-N24/37-3700103/2013,19.15,19/09/2013,2,25055,CITA,M,37,A,,PROMITA,
0.0,YS-N24/37-3700104/2013,19.15,19/09/2013,2,25055,DITA,M,37,A,,PROMITA,
0.0,YS-N24/37-3700062/2013,19.15,19/09/2013,2,25055,CITA,M,37,A,,PROMITA,
0.0,YS-N24/37-3700105/2013,19.15,19/09/2013,2,25055,DITA,M,37,A,,PROMITA,
0.0,YS-N24/37-3700106/2013,19.15,19/09/2013,2,25055,DITA,M,37,A,,PROMITA,
0.0,YS-N24/37-3700110/2013,19.15,19/09/2013,2,25055,CITA,M,37,A,,PROMITA,
0.0,YS-N24/37-3700112/2013,19.15,19/09/2013,2,25055,DITA,M,37,A,,PROMITA,
0.0,YS-N24/37-3700116/2013,19.15,19/09/2013,2,25055,CITA,M,37,A,,PROMITA,
0.0,YS-N24/37-3700118/2013,19.15,19/09/2013,2,25055,DITA,M,37,A,,PROMITA,
0.0,YS-N24/37-3700119/2013,08.00,20/09/2013,2,25055,CITA,M,37,A,,PROMITA,
0.0,YS-N24/37-3700123/2013,08.00,20/09/2013,2,25055,CITA,M,37,A,,PROMITA,
0.0,YS-N24/37-3700124/2013,08.00,20/09/2013,2,25055,CITA,M,37,A,,PROMITA,
0.0,YS-N24/37-3700126/2013,08.00,20/09/2013,2,25055,CITA,M,37,A,,PROMITA,
0.0,YS-N24/37-3700131/2013,08.00,20/09/2013,2,25055,CITA,M,37,A,,PROMITA,
0.0,YS-N24/37-3700132/2013,08.00,20/09/2013,2,25055,CITA,M,37,A,,PROMITA,
0.0,YS-N24/37-3700137/2013,08.00,20/09/2013,2,25055,CITA,M,37,A,,PROMITA,
0.0,YS-N24/37-3700141/2013,08.00,20/09/2013,2,25055,CITA,M,37,A,,PROMITA,
0.0,YS-N24/37-3700151/2013,08.00,20/09/2013,2,25055,CITA,M,37,A,,PROMITA,
0.0,YS-N24/37-3700160/2013,08.45,20/09/2013,2,25055,CITA,M,37,A,,PROMITA,
0.0,YS-N24/37-3700161/2013,08.45,20/09/2013,2,25055,CITA,M,37,A,,PROMITA,
0.0,YS-N24/37-3700065/2013,08.45,20/09/2013,2,25056,CITA,M,37,A,,PROMITA,
0.0,YS-N24/37-3700066/2013,08.45,20/09/2013,2,25056,CITA,M,37,A,,PROMITA,
0.0,YS-N24/37-3700071/2013,08.45,20/09/2013,2,25056,CITA,M,37,A,,PROMITA,
0.0,YS-N24/37-3700072/2013,08.45,20/09/2013,2,25056,CITA,M,37,A,,PROMITA,
0.0,YS-N24/37-3700079/2013,08.45,20/09/2013,2,25056,CITA,M,37,A,,PROMITA,
0.0,YS-N24/37-3700080/2013,08.45,20/09/2013,2,25056,CITA,M,37,A,,PROMITA,
0.0,YS-N24/37-3700092/2013,08.45,20/09/2013,2,25056,CITA,M,37,A,,PROMITA,
0.0,YS-N24/37-3700111/2013,09.30,20/09/2013,2,25056,CITA,M,37,A,,PROMITA,
0.0,YS-N24/37-3700120/2013,09.30,20/09/2013,2,25056,DITA,M,37,A,,PROMITA,
0.0,YS-N24/37-3700121/2013,09.30,20/09/2013,2,25056,CITA,M,37,A,,PROMITA,
0.0,YS-N24/37-3700127/2013,09.30,20/09/2013,2,25056,DITA,M,37,A,,PROMITA,
0.0,YS-N24/37-3700129/2013,09.30,20/09/2013,2,25056,CITA,M,37,A,,PROMITA,
0.0,YS-N24/37-3700140/2013,09.30,20/09/2013,2,25056,DITA,M,37,A,,PROMITA,
0.0,YS-N24/37-3700145/2013,09.30,20/09/2013,2,25056,CITA,M,37,A,,PROMITA,
0.0,YS-N24/37-3700154/2013,09.30,20/09/2013,2,25056,DITA,M,37,A,,PROMITA,
0.0,YS-N24/37-3700157/2013,09.30,20/09/2013,2,25056,CITA,M,37,A,,PROMITA,
0.0,YS-N24/37-3700162/2013,10.15,20/09/2013,2,25056,CITA,M,37,A,,PROMITA,
0.0,YS-N24/37-3700163/2013,10.15,20/09/2013,2,25056,CITA,M,37,A,,PROMITA,
0.0,YS-N24/37-3700164/2013,10.15,20/09/2013,2,25056,CITA,M,37,A,,PROMITA,
0.0,YS-N24/37-3700167/2013,10.15,20/09/2013,2,25056,CITA,M,37,A,,PROMITA,
0.0,YS-N24/37-3700180/2013,10.15,20/09/2013,2,25056,CITA,M,37,A,,PROMITA,
0.0,YS-N24/37-3700181/2013,10.15,20/09/2013,2,25056,CITA,M,37,A,,PROMITA,
0.0,YS-N24/37-3700218/2013,10.15,20/09/2013,2,25056,CITA,M,37,A,,PROMITA,
0.0,YS-N24/37-3700219/2013,10.15,20/09/2013,2,25056,CITA,M,37,A,,PROMITA,
0.0,YS-N24/37-3700076/2013,10.15,20/09/2013,2,25057,CITA,M,37,A,,PROMITA,
0.0,YS-N24/37-3700086/2013,11.00,20/09/2013,2,25057,CITA,M,37,A,,PROMITA,
0.0,YS-N24/37-3700113/2013,11.00,20/09/2013,2,25057,CITA,M,37,A,,PROMITA,
0.0,YS-N24/37-3700125/2013,11.00,20/09/2013,2,25057,CITA,M,37,A,,PROMITA,
0.0,YS-N24/37-3700135/2013,11.00,20/09/2013,2,25057,CITA,M,37,A,,PROMITA,
0.0,YS-N24/37-3700146/2013,11.00,20/09/2013,2,25057,CITA,M,37,A,,PROMITA,
0.0,YS-N24/37-3700159/2013,11.00,20/09/2013,2,25057,CITA,M,37,A,,PROMITA,
0.0,YS-N24/37-3700174/2013,11.00,20/09/2013,2,25057,CITA,M,37,A,,PROMITA,
0.0,YS-N24/37-3700176/2013,11.00,20/09/2013,2,25057,CITA,M,37,A,,PROMITA,
0.0,YS-N24/37-3700182/2013,11.00,20/09/2013,2,25057,DITA,M,37,A,,PROMITA,
0.0,YS-N24/37-3700187/2013,11.45,20/09/2013,2,25057,CITA,M,37,A,,PROMITA,
0.0,YS-N24/37-3700188/2013,11.45,20/09/2013,2,25057,DITA,M,37,A,,PROMITA,
0.0,YS-N24/37-3700228/2013,11.45,20/09/2013,2,25057,CITA,M,37,A,,PROMITA,
0.0,YS-N24/37-3700229/2013,11.45,20/09/2013,2,25057,CITA,M,37,A,,PROMITA,
0.0,YS-N24/37-3700231/2013,11.45,20/09/2013,2,25057,DITA,M,37,A,,PROMITA,
0.0,YS-N24/37-3700232/2013,11.45,20/09/2013,2,25057,DITA,M,37,A,,PROMITA,
0.0,YS-N24/37-3700236/2013,11.45,20/09/2013,2,25057,CITA,M,37,A,,PROMITA,
0.0,YS-N24/37-3700237/2013,11.45,20/09/2013,2,25057,CITA,M,37,A,,PROMITA,
0.0,YS-N24/37-3700240/2013,11.45,20/09/2013,2,25057,CITA,M,37,A,,PROMITA,
0.0,YS-N24/37-3700241/2013,12.30,20/09/2013,2,25057,CITA,M,37,A,,PROMITA,
0.0,YS-N24/37-3700246/2013,12.30,20/09/2013,2,25057,CITA,M,37,A,,PROMITA,
0.0,YS-N24/37-3700252/2013,12.30,20/09/2013,2,25057,CITA,M,37,A,,PROMITA,
0.0,YS-N24/37-3700253/2013,12.30,20/09/2013,2,25057,CITA,M,37,A,,PROMITA,
0.0,YS-N24/37-3700254/2013,12.30,20/09/2013,2,25057,CITA,M,37,A,,PROMITA,
0.0,YS-N24/37-3700262/2013,12.30,20/09/2013,2,25057,DITA,M,37,A,,PROMITA,
0.0,YS-N24/37-3700268/2013,12.30,20/09/2013,2,25057,CITA,M,37,A,,PROMITA,
0.0,YS-N24/37-3700144/2013,12.30,20/09/2013,2,25058,CITA,M,37,A,,PROMITA,
0.0,YS-N24/37-3700152/2013,12.30,20/09/2013,2,25058,CITA,M,37,A,,PROMITA,
0.0,YS-N24/37-3700153/2013,13.15,20/09/2013,2,25058,CITA,M,37,A,,PROMITA,
0.0,YS-N24/37-3700155/2013,13.15,20/09/2013,2,25058,CITA,M,37,A,,PROMITA,
0.0,YS-N24/37-3700156/2013,13.15,20/09/2013,2,25058,CITA,M,37,A,,PROMITA,
0.0,YS-N24/37-3700177/2013,13.15,20/09/2013,2,25058,CITA,M,37,A,,PROMITA,
0.0,YS-N24/37-3700178/2013,13.15,20/09/2013,2,25058,CITA,M,37,A,,PROMITA,
0.0,YS-N24/37-3700179/2013,13.15,20/09/2013,2,25058,CITA,M,37,A,,PROMITA,
0.0,YS-N24/37-3700189/2013,13.15,20/09/2013,2,25058,CITA,M,37,A,,PROMITA,
0.0,YS-N24/37-3700190/2013,13.15,20/09/2013,2,25058,CITA,M,37,A,,PROMITA,
0.0,YS-N24/37-3700191/2013,13.15,20/09/2013,2,25058,CITA,M,37,A,,PROMITA,
0.0,YS-N24/37-3700201/2013,14.00,20/09/2013,2,25058,CITA,M,37,A,,PROMITA,
0.0,YS-N24/37-3700205/2013,14.00,20/09/2013,2,25058,CITA,M,37,A,,PROMITA,
0.0,YS-N24/37-3700206/2013,14.00,20/09/2013,2,25058,CITA,M,37,A,,PROMITA,
0.0,YS-N24/37-3700210/2013,14.00,20/09/2013,2,25058,CITA,M,37,A,,PROMITA,
0.0,YS-N24/37-3700230/2013,14.00,20/09/2013,2,25058,CITA,M,37,A,,PROMITA,
0.0,YS-N24/37-3700165/2013,14.00,20/09/2013,2,25059,CITA,M,37,A,,PROMITA,
0.0,YS-N24/37-3700166/2013,14.00,20/09/2013,2,25059,CITA,M,37,A,,PROMITA,
0.0,YS-N24/37-3700195/2013,14.00,20/09/2013,2,25059,CITA,M,37,A,,PROMITA,
0.0,YS-N24/37-3700196/2013,14.00,20/09/2013,2,25059,CITA,M,37,A,,PROMITA,
0.0,YS-N24/37-3700197/2013,14.45,20/09/2013,2,25059,CITA,M,37,A,,PROMITA,
0.0,YS-N24/37-3700198/2013,14.45,20/09/2013,2,25059,CITA,M,37,A,,PROMITA,
0.0,YS-N24/37-3700199/2013,14.45,20/09/2013,2,25059,CITA,M,37,A,,PROMITA,
0.0,YS-N24/37-3700200/2013,14.45,20/09/2013,2,25059,CITA,M,37,A,,PROMITA,
0.0,YS-N24/37-3700204/2013,14.45,20/09/2013,2,25059,CITA,M,37,A,,PROMITA,
0.0,YS-N24/37-3700207/2013,14.45,20/09/2013,2,25059,CITA,M,37,A,,PROMITA,
0.0,YS-N24/37-3700209/2013,14.45,20/09/2013,2,25059,CITA,M,37,A,,PROMITA,
0.0,YS-N24/37-3700212/2013,14.45,20/09/2013,2,25059,CITA,M,37,A,,PROMITA,
0.0,YS-N24/37-3700214/2013,14.45,20/09/2013,2,25059,DITA,M,37,A,,PROMITA,
0.0,YS-N24/37-3700216/2013,15.30,20/09/2013,2,25059,CITA,M,37,A,,PROMITA,
0.0,YS-N24/37-3700220/2013,15.30,20/09/2013,2,25059,CITA,M,37,A,,PROMITA,
0.0,YS-N24/37-3700239/2013,15.30,20/09/2013,2,25059,CITA,M,37,A,,PROMITA,
0.0,YS-N24/37-3700242/2013,15.30,20/09/2013,2,25059,CITA,M,37,A,,PROMITA,
0.0,YS-N24/37-3700243/2013,15.30,20/09/2013,2,25059,CITA,M,37,A,,PROMITA,
0.0,YS-N24/37-3700244/2013,15.30,20/09/2013,2,25059,CITA,M,37,A,,PROMITA,
0.0,YS-N24/37-3700245/2013,15.30,20/09/2013,2,25059,CITA,M,37,A,,PROMITA,
0.0,YS-N24/37-3700247/2013,15.30,20/09/2013,2,25059,CITA,M,37,A,,PROMITA,
0.0,YS-N24/37-3700248/2013,15.30,20/09/2013,2,25059,CITA,M,37,A,,PROMITA,
0.0,YS-N24/37-3700256/2013,16.15,20/09/2013,2,25059,CITA,M,37,A,,PROMITA,
0.0,YS-N24/37-3700256/2013,16.15,20/09/2013,2,25059,CITA,M,37,A,,PROMITA,
0.0,YS-N24/37-3700270/2013,16.15,20/09/2013,2,25059,CITA,M,37,A,,PROMITA,
0.0,YS-N24/37-3700277/2013,16.15,20/09/2013,2,25059,CITA,M,37,A,,PROMITA,
0.0,YS-N24/37-3700284/2013,16.15,20/09/2013,2,25059,CITA,M,37,A,,PROMITA,
0.0,YS-N24/37-3700257/2013,16.15,20/09/2013,2,25060,CITA,M,37,A,,PROMITA,
0.0,YS-N24/37-3700258/2013,16.15,20/09/2013,2,25060,DITA,M,37,A,,PROMITA,
0.0,YS-N24/37-3700260/2013,16.15,20/09/2013,2,25060,CITA,M,37,A,,PROMITA,
0.0,YS-N24/37-3700261/2013,16.15,20/09/2013,2,25060,DITA,M,37,A,,PROMITA,
0.0,YS-N24/37-3700263/2013,17.00,20/09/2013,2,25060,DITA,M,37,A,,PROMITA,
0.0,YS-N24/37-3700264/2013,17.00,20/09/2013,2,25060,CITA,M,37,A,,PROMITA,
0.0,YS-N24/37-3700266/2013,17.00,20/09/2013,2,25060,CITA,M,37,A,,PROMITA,
0.0,YS-N24/37-3700267/2013,17.00,20/09/2013,2,25060,CITA,M,37,A,,PROMITA,
0.0,YS-N24/37-3700272/2013,17.00,20/09/2013,2,25060,CITA,M,37,A,,PROMITA,
0.0,YS-N24/37-3700273/2013,17.00,20/09/2013,2,25060,CITA,M,37,A,,PROMITA,
0.0,YS-N24/37-3700274/2013,17.00,20/09/2013,2,25060,CITA,M,37,A,,PROMITA,
0.0,YS-N24/37-3700275/2013,17.00,20/09/2013,2,25060,DITA,M,37,A,,PROMITA,
0.0,YS-N24/37-3700278/2013,17.00,20/09/2013,2,25060,CITA,M,37,A,,PROMITA,
0.0,YS-N24/37-3700279/2013,17.45,20/09/2013,2,25060,CITA,M,37,A,,PROMITA,
0.0,YS-N24/37-3700280/2013,17.45,20/09/2013,2,25060,CITA,M,37,A,,PROMITA,
0.0,YS-N24/37-3700281/2013,17.45,20/09/2013,2,25060,CITA,M,37,A,,PROMITA,
0.0,YS-N24/37-3700282/2013,17.45,20/09/2013,2,25060,CITA,M,37,A,,PROMITA,
0.0,YS-N24/37-3700283/2013,17.45,20/09/2013,2,25060,DITA,M,37,A,,PROMITA,
0.0,YS-N24/37-3700013/2013,17.45,20/09/2013,2,27051,CCHM,M,37,A,,PROMITA,
0.0,YS-N24/37-3700014/2013,17.45,20/09/2013,2,27051,CCHM,M,37,A,,PROMITA,
0.0,YS-N24/37-3700031/2013,17.45,20/09/2013,2,27051,CCHM,M,37,A,,PROMITA,
0.0,YS-N24/37-3700036/2013,17.45,20/09/2013,2,27051,CCHM,M,37,A,,PROMITA,
0.0,YS-N24/37-3700037/2013,18.30,20/09/2013,2,27051,CCHM,M,37,A,,PROMITA,
0.0,YS-N24/37-3700045/2013,18.30,20/09/2013,2,27051,CCHM,M,37,A,,PROMITA,
0.0,YS-N24/37-3700069/2013,18.30,20/09/2013,2,27051,DCHM,M,37,A,,PROMITA,
0.0,YS-N24/37-3700077/2013,18.30,20/09/2013,2,27051,CCHM,M,37,A,,PROMITA,
0.0,YS-N24/37-3700087/2013,18.30,20/09/2013,2,27051,DCHM,M,37,A,,PROMITA,
0.0,YS-N24/37-3700088/2013,18.30,20/09/2013,2,27051,CCHM,M,37,A,,PROMITA,
0.0,YS-N24/37-3700136/2013,18.30,20/09/2013,2,27051,DCHM,M,37,A,,PROMITA,
0.0,YS-N24/37-3700202/2013,18.30,20/09/2013,2,27051,CCHM,M,37,A,,PROMITA,
0.0,YS-N24/37-3700211/2013,18.30,20/09/2013,2,27051,CCHM,M,37,A,,PROMITA,
0.0,YS-N24/37-3700217/2013,19.15,20/09/2013,2,27051,CCHM,M,37,A,,PROMITA,
0.0,YS-N24/37-3700221/2013,19.15,20/09/2013,2,27051,DCHM,M,37,A,,PROMITA,
0.0,YS-N24/37-3700271/2013,19.15,20/09/2013,2,27051,DCHM,M,37,A,,PROMITA,
0.0,YS-N24/37-3700285/2013,19.15,20/09/2013,2,27051,CCHM,M,37,A,,PROMITA,
99.0,YS-N24/37-3700001/2013,08.00,20/12/2013,1,25051,CITA,F,37,A,,sharbani,
103.0,YS-N24/37-3700002/2013,08.00,20/12/2013,1,25051,CITA,F,37,A,,sharbani,
111.0,YS-N24/37-3700003/2013,08.00,20/12/2013,1,25051,CITA,F,37,A,,sharbani,
117.0,YS-N24/37-3700083/2013,11.00,20/12/2013,1,25052,CITA,F,37,A,,sharbani,
121.0,YS-N24/37-3700093/2013,11.00,20/12/2013,1,25052,CITA,F,37,A,,sharbani,
116.0,YS-N24/37-3700133/2013,11.00,20/12/2013,1,25052,CITA,F,37,A,,sharbani,
122.0,YS-N24/37-3700342/2013,11.00,20/12/2013,1,25052,CITA,F,37,A,,sharbani,
143.0,YS-N24/37-3700022/2013,11.00,20/12/2013,1,25053,CITA,F,37,A,,sharbani,
142.0,YS-N24/37-3700023/2013,11.00,20/12/2013,1,25053,CITA,F,37,A,,sharbani,
132.0,YS-N24/37-3700024/2013,11.00,20/12/2013,1,25053,CITA,F,37,A,,sharbani,
137.0,YS-N24/37-3700026/2013,12.30,20/12/2013,1,25053,CITA,F,37,A,,sharbani,
144.0,YS-N24/37-3700027/2013,12.30,20/12/2013,1,25053,CITA,F,37,A,,sharbani,
130.0,YS-N24/37-3700028/2013,12.30,20/12/2013,1,25053,CITA,F,37,A,,sharbani,
133.0,YS-N24/37-3700030/2013,12.30,20/12/2013,1,25053,CITA,F,37,A,,sharbani,
135.0,YS-N24/37-3700032/2013,12.30,20/12/2013,1,25053,CITA,F,37,A,,sharbani,
145.0,YS-N24/37-3700047/2013,12.30,20/12/2013,1,25053,CITA,F,37,A,,sharbani,
136.0,YS-N24/37-3700049/2013,12.30,20/12/2013,1,25053,CITA,F,37,A,,sharbani,
138.0,YS-N24/37-3700064/2013,12.30,20/12/2013,1,25053,CITA,F,37,A,,sharbani,
141.0,YS-N24/37-3700082/2013,12.30,20/12/2013,1,25053,CITA,F,37,A,,sharbani,
129.0,YS-N24/37-3700090/2013,12.30,20/12/2013,1,25053,CITA,F,37,A,,sharbani,
140.0,YS-N24/37-3700091/2013,12.30,20/12/2013,1,25053,CITA,F,37,A,,sharbani,
146.0,YS-N24/37-3700096/2013,12.30,20/12/2013,1,25053,CITA,F,37,A,,sharbani,
128.0,YS-N24/37-3700100/2013,14.00,20/12/2013,1,25053,CITA,F,37,A,,sharbani,
131.0,YS-N24/37-3700138/2013,14.00,20/12/2013,1,25053,CITA,F,37,A,,sharbani,
139.0,YS-N24/37-3700139/2013,14.00,20/12/2013,1,25053,CITA,F,37,A,,sharbani,
147.0,YS-N24/37-3700148/2013,14.00,20/12/2013,1,25053,CITA,F,37,A,,sharbani,
134.0,YS-N24/37-3700208/2013,14.00,20/12/2013,1,25053,CITA,F,37,A,,sharbani,
1.0,YS-N24/37-3700338/2013,14.00,20/12/2013,1,25053,CITA,F,37,A,,sharbani,
166.0,YS-N24/37-3700042/2013,14.00,20/12/2013,1,25054,CITA,F,37,A,,sharbani,
157.0,YS-N24/37-3700054/2013,14.00,20/12/2013,1,25054,CITA,F,37,A,,sharbani,
158.0,YS-N24/37-3700055/2013,14.00,20/12/2013,1,25054,CITA,F,37,A,,sharbani,
160.0,YS-N24/37-3700056/2013,14.00,20/12/2013,1,25054,CITA,F,37,A,,sharbani,
161.0,YS-N24/37-3700084/2013,14.00,20/12/2013,1,25054,CITA,F,37,A,,sharbani,
154.0,YS-N24/37-3700085/2013,14.00,20/12/2013,1,25054,CITA,F,37,A,,sharbani,
164.0,YS-N24/37-3700102/2013,15.30,20/12/2013,1,25054,CITA,F,37,A,,sharbani,
167.0,YS-N24/37-3700117/2013,15.30,20/12/2013,1,25054,DITA,F,37,A,,sharbani,
148.0,YS-N24/37-3700134/2013,15.30,20/12/2013,1,25054,DITA,F,37,A,,sharbani,
163.0,YS-N24/37-3700143/2013,15.30,20/12/2013,1,25054,CITA,F,37,A,,sharbani,
159.0,YS-N24/37-3700150/2013,15.30,20/12/2013,1,25054,DITA,F,37,A,,sharbani,
165.0,YS-N24/37-3700170/2013,15.30,20/12/2013,1,25054,CITA,F,37,A,,sharbani,
162.0,YS-N24/37-3700171/2013,15.30,20/12/2013,1,25054,CITA,F,37,A,,sharbani,
155.0,YS-N24/37-3700175/2013,15.30,20/12/2013,1,25054,CITA,F,37,A,,sharbani,
151.0,YS-N24/37-3700185/2013,15.30,20/12/2013,1,25054,CITA,F,37,A,,sharbani,
152.0,YS-N24/37-3700213/2013,15.30,20/12/2013,1,25054,CITA,F,37,A,,sharbani,
153.0,YS-N24/37-3700222/2013,15.30,20/12/2013,1,25054,CITA,F,37,A,,sharbani,
149.0,YS-N24/37-3700234/2013,15.30,20/12/2013,1,25054,CITA,F,37,A,,sharbani,
168.0,YS-N24/37-3700235/2013,17.00,20/12/2013,1,25054,CITA,F,37,A,,sharbani,
156.0,YS-N24/37-3700322/2013,17.00,20/12/2013,1,25054,CITA,F,37,A,,sharbani,
150.0,YS-N24/37-3700335/2013,17.00,20/12/2013,1,25054,CITA,F,37,A,,sharbani,
175.0,YS-N24/37-3700052/2013,17.00,20/12/2013,1,25055,CITA,F,37,A,,sharbani,
180.0,YS-N24/37-3700053/2013,17.00,20/12/2013,1,25055,CITA,F,37,A,,sharbani,
171.0,YS-N24/37-3700060/2013,17.00,20/12/2013,1,25055,CITA,F,37,A,,sharbani,
178.0,YS-N24/37-3700081/2013,17.00,20/12/2013,1,25055,CITA,F,37,A,,sharbani,
186.0,YS-N24/37-3700104/2013,17.00,20/12/2013,1,25055,DITA,F,37,A,,sharbani,
182.0,YS-N24/37-3700110/2013,17.00,20/12/2013,1,25055,CITA,F,37,A,,sharbani,
173.0,YS-N24/37-3700113/2013,17.00,20/12/2013,1,25055,CITA,F,37,A,,sharbani,
181.0,YS-N24/37-3700116/2013,17.00,20/12/2013,1,25055,CITA,F,37,A,,sharbani,
169.0,YS-N24/37-3700118/2013,17.00,20/12/2013,1,25055,DITA,F,37,A,,sharbani,
177.0,YS-N24/37-3700119/2013,18.30,20/12/2013,1,25055,CITA,F,37,A,,sharbani,
174.0,YS-N24/37-3700123/2013,18.30,20/12/2013,1,25055,CITA,F,37,A,,sharbani,
183.0,YS-N24/37-3700124/2013,18.30,20/12/2013,1,25055,CITA,F,37,A,,sharbani,
170.0,YS-N24/37-3700126/2013,18.30,20/12/2013,1,25055,CITA,F,37,A,,sharbani,
179.0,YS-N24/37-3700131/2013,18.30,20/12/2013,1,25055,CITA,F,37,A,,sharbani,
184.0,YS-N24/37-3700132/2013,18.30,20/12/2013,1,25055,CITA,F,37,A,,sharbani,
185.0,YS-N24/37-3700151/2013,18.30,20/12/2013,1,25055,CITA,F,37,A,,sharbani,
176.0,YS-N24/37-3700160/2013,18.30,20/12/2013,1,25055,CITA,F,37,A,,sharbani,
172.0,YS-N24/37-3700161/2013,18.30,20/12/2013,1,25055,CITA,F,37,A,,sharbani,
201.0,YS-N24/37-3700065/2013,18.30,20/12/2013,1,25056,CITA,F,37,A,,sharbani,
198.0,YS-N24/37-3700071/2013,18.30,20/12/2013,1,25056,CITA,F,37,A,,sharbani,
188.0,YS-N24/37-3700072/2013,18.30,20/12/2013,1,25056,CITA,F,37,A,,sharbani,
187.0,YS-N24/37-3700079/2013,08.00,21/12/2013,1,25056,CITA,F,37,A,,sharbani,
203.0,YS-N24/37-3700092/2013,08.00,21/12/2013,1,25056,CITA,F,37,A,,sharbani,
205.0,YS-N24/37-3700111/2013,08.00,21/12/2013,1,25056,CITA,F,37,A,,sharbani,
202.0,YS-N24/37-3700120/2013,08.00,21/12/2013,1,25056,DITA,F,37,A,,sharbani,
206.0,YS-N24/37-3700127/2013,08.00,21/12/2013,1,25056,DITA,F,37,A,,sharbani,
200.0,YS-N24/37-3700129/2013,08.00,21/12/2013,1,25056,CITA,F,37,A,,sharbani,
199.0,YS-N24/37-3700140/2013,08.00,21/12/2013,1,25056,DITA,F,37,A,,sharbani,
191.0,YS-N24/37-3700154/2013,08.00,21/12/2013,1,25056,DITA,F,37,A,,sharbani,
193.0,YS-N24/37-3700157/2013,08.00,21/12/2013,1,25056,CITA,F,37,A,,sharbani,
204.0,YS-N24/37-3700162/2013,08.00,21/12/2013,1,25056,CITA,F,37,A,,sharbani,
190.0,YS-N24/37-3700163/2013,08.00,21/12/2013,1,25056,CITA,F,37,A,,sharbani,
196.0,YS-N24/37-3700164/2013,08.00,21/12/2013,1,25056,CITA,F,37,A,,sharbani,
195.0,YS-N24/37-3700167/2013,09.30,21/12/2013,1,25056,CITA,F,37,A,,sharbani,
192.0,YS-N24/37-3700180/2013,09.30,21/12/2013,1,25056,CITA,F,37,A,,sharbani,
194.0,YS-N24/37-3700186/2013,09.30,21/12/2013,1,25056,CITA,F,37,A,,sharbani,
189.0,YS-N24/37-3700218/2013,09.30,21/12/2013,1,25056,CITA,F,37,A,,sharbani,
197.0,YS-N24/37-3700219/2013,09.30,21/12/2013,1,25056,CITA,F,37,A,,sharbani,
207.0,YS-N24/37-3700337/2013,09.30,21/12/2013,1,25056,CITA,F,37,A,,sharbani,
225.0,YS-N24/37-3700076/2013,09.30,21/12/2013,1,25057,CITA,F,37,A,,sharbani,
224.0,YS-N24/37-3700086/2013,09.30,21/12/2013,1,25057,CITA,F,37,A,,sharbani,
211.0,YS-N24/37-3700125/2013,09.30,21/12/2013,1,25057,CITA,F,37,A,,sharbani,
208.0,YS-N24/37-3700159/2013,09.30,21/12/2013,1,25057,CITA,F,37,A,,sharbani,
217.0,YS-N24/37-3700174/2013,09.30,21/12/2013,1,25057,CITA,F,37,A,,sharbani,
212.0,YS-N24/37-3700176/2013,09.30,21/12/2013,1,25057,CITA,F,37,A,,sharbani,
210.0,YS-N24/37-3700182/2013,11.00,21/12/2013,1,25057,DITA,F,37,A,,sharbani,
222.0,YS-N24/37-3700187/2013,11.00,21/12/2013,1,25057,CITA,F,37,A,,sharbani,
223.0,YS-N24/37-3700188/2013,11.00,21/12/2013,1,25057,DITA,F,37,A,,sharbani,
219.0,YS-N24/37-3700229/2013,11.00,21/12/2013,1,25057,CITA,F,37,A,,sharbani,
229.0,YS-N24/37-3700231/2013,11.00,21/12/2013,1,25057,DITA,F,37,A,,sharbani,
209.0,YS-N24/37-3700232/2013,11.00,21/12/2013,1,25057,DITA,F,37,A,,sharbani,
227.0,YS-N24/37-3700236/2013,11.00,21/12/2013,1,25057,CITA,F,37,A,,sharbani,
220.0,YS-N24/37-3700237/2013,11.00,21/12/2013,1,25057,CITA,F,37,A,,sharbani,
221.0,YS-N24/37-3700240/2013,11.00,21/12/2013,1,25057,CITA,F,37,A,,sharbani,
214.0,YS-N24/37-3700241/2013,11.00,21/12/2013,1,25057,CITA,F,37,A,,sharbani,
228.0,YS-N24/37-3700246/2013,11.00,21/12/2013,1,25057,CITA,F,37,A,,sharbani,
215.0,YS-N24/37-3700252/2013,11.00,21/12/2013,1,25057,CITA,F,37,A,,sharbani,
213.0,YS-N24/37-3700253/2013,12.30,21/12/2013,1,25057,CITA,F,37,A,,sharbani,
218.0,YS-N24/37-3700254/2013,12.30,21/12/2013,1,25057,CITA,F,37,A,,sharbani,
226.0,YS-N24/37-3700262/2013,12.30,21/12/2013,1,25057,DITA,F,37,A,,sharbani,
216.0,YS-N24/37-3700268/2013,12.30,21/12/2013,1,25057,CITA,F,37,A,,sharbani,
233.0,YS-N24/37-3700144/2013,12.30,21/12/2013,1,25058,CITA,F,37,A,,sharbani,
231.0,YS-N24/37-3700152/2013,12.30,21/12/2013,1,25058,CITA,F,37,A,,sharbani,
234.0,YS-N24/37-3700153/2013,12.30,21/12/2013,1,25058,CITA,F,37,A,,sharbani,
238.0,YS-N24/37-3700155/2013,12.30,21/12/2013,1,25058,CITA,F,37,A,,sharbani,
239.0,YS-N24/37-3700156/2013,12.30,21/12/2013,1,25058,CITA,F,37,A,,sharbani,
237.0,YS-N24/37-3700177/2013,12.30,21/12/2013,1,25058,CITA,F,37,A,,sharbani,
243.0,YS-N24/37-3700178/2013,12.30,21/12/2013,1,25058,CITA,F,37,A,,sharbani,
236.0,YS-N24/37-3700189/2013,12.30,21/12/2013,1,25058,CITA,F,37,A,,sharbani,
230.0,YS-N24/37-3700190/2013,14.00,21/12/2013,1,25058,CITA,F,37,A,,sharbani,
242.0,YS-N24/37-3700191/2013,14.00,21/12/2013,1,25058,CITA,F,37,A,,sharbani,
232.0,YS-N24/37-3700205/2013,14.00,21/12/2013,1,25058,CITA,F,37,A,,sharbani,
240.0,YS-N24/37-3700206/2013,14.00,21/12/2013,1,25058,CITA,F,37,A,,sharbani,
241.0,YS-N24/37-3700210/2013,14.00,21/12/2013,1,25058,CITA,F,37,A,,sharbani,
235.0,YS-N24/37-3700230/2013,14.00,21/12/2013,1,25058,CITA,F,37,A,,sharbani,
248.0,YS-N24/37-3700165/2013,14.00,21/12/2013,1,25059,CITA,F,37,A,,sharbani,
252.0,YS-N24/37-3700166/2013,14.00,21/12/2013,1,25059,CITA,F,37,A,,sharbani,
247.0,YS-N24/37-3700195/2013,14.00,21/12/2013,1,25059,CITA,F,37,A,,sharbani,
246.0,YS-N24/37-3700198/2013,14.00,21/12/2013,1,25059,CITA,F,37,A,,sharbani,
244.0,YS-N24/37-3700199/2013,14.00,21/12/2013,1,25059,CITA,F,37,A,,sharbani,
256.0,YS-N24/37-3700200/2013,14.00,21/12/2013,1,25059,CITA,F,37,A,,sharbani,
255.0,YS-N24/37-3700209/2013,15.30,21/12/2013,1,25059,CITA,F,37,A,,sharbani,
254.0,YS-N24/37-3700212/2013,15.30,21/12/2013,1,25059,CITA,F,37,A,,sharbani,
253.0,YS-N24/37-3700214/2013,15.30,21/12/2013,1,25059,DITA,F,37,A,,sharbani,
261.0,YS-N24/37-3700216/2013,15.30,21/12/2013,1,25059,CITA,F,37,A,,sharbani,
260.0,YS-N24/37-3700220/2013,15.30,21/12/2013,1,25059,CITA,F,37,A,,sharbani,
251.0,YS-N24/37-3700239/2013,15.30,21/12/2013,1,25059,CITA,F,37,A,,sharbani,
258.0,YS-N24/37-3700243/2013,15.30,21/12/2013,1,25059,CITA,F,37,A,,sharbani,
257.0,YS-N24/37-3700245/2013,15.30,21/12/2013,1,25059,CITA,F,37,A,,sharbani,
245.0,YS-N24/37-3700247/2013,15.30,21/12/2013,1,25059,CITA,F,37,A,,sharbani,
249.0,YS-N24/37-3700248/2013,15.30,21/12/2013,1,25059,CITA,F,37,A,,sharbani,
250.0,YS-N24/37-3700256/2013,15.30,21/12/2013,1,25059,CITA,F,37,A,,sharbani,
250.0,YS-N24/37-3700256/2013,15.30,21/12/2013,1,25059,CITA,F,37,A,,sharbani,
259.0,YS-N24/37-3700270/2013,17.00,21/12/2013,1,25059,CITA,F,37,A,,sharbani,
262.0,YS-N24/37-3700277/2013,17.00,21/12/2013,1,25059,CITA,F,37,A,,sharbani,
274.0,YS-N24/37-3700257/2013,17.00,21/12/2013,1,25060,CITA,F,37,A,,sharbani,
269.0,YS-N24/37-3700258/2013,17.00,21/12/2013,1,25060,DITA,F,37,A,,sharbani,
281.0,YS-N24/37-3700260/2013,17.00,21/12/2013,1,25060,CITA,F,37,A,,sharbani,
265.0,YS-N24/37-3700261/2013,17.00,21/12/2013,1,25060,DITA,F,37,A,,sharbani,
280.0,YS-N24/37-3700263/2013,17.00,21/12/2013,1,25060,DITA,F,37,A,,sharbani,
277.0,YS-N24/37-3700264/2013,17.00,21/12/2013,1,25060,CITA,F,37,A,,sharbani,
263.0,YS-N24/37-3700266/2013,17.00,21/12/2013,1,25060,CITA,F,37,A,,sharbani,
264.0,YS-N24/37-3700267/2013,17.00,21/12/2013,1,25060,CITA,F,37,A,,sharbani,
279.0,YS-N24/37-3700272/2013,17.00,21/12/2013,1,25060,CITA,F,37,A,,sharbani,
270.0,YS-N24/37-3700273/2013,17.00,21/12/2013,1,25060,CITA,F,37,A,,sharbani,
266.0,YS-N24/37-3700274/2013,18.30,21/12/2013,1,25060,CITA,F,37,A,,sharbani,
273.0,YS-N24/37-3700275/2013,18.30,21/12/2013,1,25060,DITA,F,37,A,,sharbani,
268.0,YS-N24/37-3700278/2013,18.30,21/12/2013,1,25060,CITA,F,37,A,,sharbani,
271.0,YS-N24/37-3700279/2013,18.30,21/12/2013,1,25060,CITA,F,37,A,,sharbani,
278.0,YS-N24/37-3700280/2013,18.30,21/12/2013,1,25060,CITA,F,37,A,,sharbani,
267.0,YS-N24/37-3700281/2013,18.30,21/12/2013,1,25060,CITA,F,37,A,,sharbani,
272.0,YS-N24/37-3700282/2013,18.30,21/12/2013,1,25060,CITA,F,37,A,,sharbani,
275.0,YS-N24/37-3700283/2013,18.30,21/12/2013,1,25060,DITA,F,37,A,,sharbani,
276.0,YS-N24/37-3700347/2013,18.30,21/12/2013,1,25060,CITA,F,37,A,,sharbani,
322.0,YS-N24/37-3500060/2013,08.00,20/12/2013,1,35051,DITA,F,37,A,,sharbani,
338.0,YS-N24/37-3500124/2013,08.00,20/12/2013,1,35051,DITA,F,37,A,,sharbani,
339.0,YS-N24/37-3500094/2013,08.00,20/12/2013,1,35051,DITA,F,37,A,,sharbani,
325.0,YS-N24/37-3500001/2013,08.00,20/12/2013,1,35051,DITA,F,37,A,,sharbani,
329.0,YS-N24/37-3500013/2013,08.00,20/12/2013,1,35051,DITA,F,37,A,,sharbani,
330.0,YS-N24/37-3500064/2013,08.00,20/12/2013,1,35051,DITA,F,37,A,,sharbani,
336.0,YS-N24/37-3500065/2013,08.00,20/12/2013,1,35051,DITA,F,37,A,,sharbani,
327.0,YS-N24/37-3500184/2013,08.00,20/12/2013,1,35051,DITA,F,37,A,,sharbani,
335.0,YS-N24/37-3500340/2013,08.00,20/12/2013,1,35051,DITA,F,37,A,,sharbani,
333.0,YS-N24/37-3500436/2013,08.00,20/12/2013,1,35051,DITA,F,37,A,,sharbani,
328.0,YS-N24/37-3500451/2013,08.00,20/12/2013,1,35051,DITA,F,37,A,,sharbani,
326.0,YS-N24/37-3700039/2013,08.00,20/12/2013,1,35051,DITA,F,37,A,,sharbani,
332.0,YS-N24/37-3500573/2013,09.30,20/12/2013,1,35051,DITA,F,37,A,,sharbani,
331.0,YS-N24/37-3500304/2013,09.30,20/12/2013,1,35051,DITA,F,37,A,,sharbani,
324.0,YS-N24/37-3500175/2013,09.30,20/12/2013,1,35051,DITA,F,37,A,,sharbani,
323.0,YS-N24/37-3500314/2013,09.30,20/12/2013,1,35051,DITA,F,37,A,,sharbani,
337.0,YS-N24/37-3500453/2013,09.30,20/12/2013,1,35051,DITA,F,37,A,,sharbani,
334.0,YS-N24/37-3500452/2013,09.30,20/12/2013,1,35051,DITA,F,37,A,,sharbani,
320.0,YS-N24/37-3500244/2013,09.30,20/12/2013,1,35051,DITA,F,37,A,,sharbani,
321.0,YS-N24/37-3500093/2013,09.30,20/12/2013,1,35051,DITA,F,37,A,,sharbani,
340.0,YS-N24/37-3500012/2013,09.30,20/12/2013,1,35052,DITA,F,37,A,,sharbani,
347.0,YS-N24/37-3500009/2013,09.30,20/12/2013,1,35052,DITA,F,37,A,,sharbani,
356.0,YS-N24/37-3500148/2013,09.30,20/12/2013,1,35052,DITA,F,37,A,,sharbani,
351.0,YS-N24/37-3500190/2013,09.30,20/12/2013,1,35052,DITA,F,37,A,,sharbani,
355.0,YS-N24/37-3500080/2013,11.00,20/12/2013,1,35052,DITA,F,37,A,,sharbani,
343.0,YS-N24/37-3500006/2013,11.00,20/12/2013,1,35052,DITA,F,37,A,,sharbani,
352.0,YS-N24/37-3300208/2013,11.00,20/12/2013,1,35052,DITA,F,37,A,,sharbani,
350.0,YS-N24/37-3300209/2013,11.00,20/12/2013,1,35052,DITA,F,37,A,,sharbani,
346.0,YS-N24/37-3300207/2013,11.00,20/12/2013,1,35052,DITA,F,37,A,,sharbani,
344.0,YS-N24/37-3300206/2013,11.00,20/12/2013,1,35052,DITA,F,37,A,,sharbani,
341.0,YS-N24/37-3300196/2013,11.00,20/12/2013,1,35052,DITA,F,37,A,,sharbani,
354.0,YS-N24/37-3300257/2013,11.00,20/12/2013,1,35052,DITA,F,37,A,,sharbani,
345.0,YS-N24/37-3500512/2013,11.00,20/12/2013,1,35052,DITA,F,37,A,,sharbani,
342.0,YS-N24/37-3500114/2013,11.00,20/12/2013,1,35052,DITA,F,37,A,,sharbani,
349.0,YS-N24/37-3500559/2013,11.00,20/12/2013,1,35052,DITA,F,37,A,,sharbani,
353.0,YS-N24/37-3500560/2013,11.00,20/12/2013,1,35052,DITA,F,37,A,,sharbani,
348.0,YS-N24/37-3500408/2013,12.30,20/12/2013,1,35052,DITA,F,37,A,,sharbani,
364.0,YS-N24/37-3500041/2013,12.30,20/12/2013,1,35053,DITA,F,37,A,,sharbani,
360.0,YS-N24/37-3500036/2013,12.30,20/12/2013,1,35053,DITA,F,37,A,,sharbani,
365.0,YS-N24/37-3500109/2013,12.30,20/12/2013,1,35053,DITA,F,37,A,,sharbani,
370.0,YS-N24/37-3500135/2013,12.30,20/12/2013,1,35053,DITA,F,37,A,,sharbani,
366.0,YS-N24/37-3500104/2013,12.30,20/12/2013,1,35053,DITA,F,37,A,,sharbani,
361.0,YS-N24/37-3500144/2013,12.30,20/12/2013,1,35053,DITA,F,37,A,,sharbani,
375.0,YS-N24/37-3500128/2013,12.30,20/12/2013,1,35053,DITA,F,37,A,,sharbani,
371.0,YS-N24/37-3500099/2013,12.30,20/12/2013,1,35053,DITA,F,37,A,,sharbani,
363.0,YS-N24/37-3500133/2013,12.30,20/12/2013,1,35053,DITA,F,37,A,,sharbani,
374.0,YS-N24/37-3500054/2013,12.30,20/12/2013,1,35053,DITA,F,37,A,,sharbani,
368.0,YS-N24/37-3500137/2013,12.30,20/12/2013,1,35053,DITA,F,37,A,,sharbani,
357.0,YS-N24/37-3500166/2013,14.00,20/12/2013,1,35053,DITA,F,37,A,,sharbani,
373.0,YS-N24/37-3500149/2013,14.00,20/12/2013,1,35053,DITA,F,37,A,,sharbani,
359.0,YS-N24/37-3500120/2013,14.00,20/12/2013,1,35053,DITA,F,37,A,,sharbani,
367.0,YS-N24/37-3500150/2013,14.00,20/12/2013,1,35053,DITA,F,37,A,,sharbani,
376.0,YS-N24/37-3500050/2013,14.00,20/12/2013,1,35053,DITA,F,37,A,,sharbani,
372.0,YS-N24/37-3500097/2013,14.00,20/12/2013,1,35053,DITA,F,37,A,,sharbani,
369.0,YS-N24/37-2800201/2013,14.00,20/12/2013,1,35053,DITA,F,37,A,,sharbani,
358.0,YS-N24/37-3500476/2013,14.00,20/12/2013,1,35053,DITA,F,37,A,,sharbani,
362.0,YS-N24/37-2600132/2013,14.00,20/12/2013,1,35053,DITA,F,37,A,,sharbani,
380.0,YS-N24/37-3500189/2013,14.00,20/12/2013,1,35054,DITA,F,37,A,,sharbani,
388.0,YS-N24/37-3500557/2013,14.00,20/12/2013,1,35054,DITA,F,37,A,,sharbani,
386.0,YS-N24/37-3100091/2013,14.00,20/12/2013,1,35054,DITA,F,37,A,,sharbani,
387.0,YS-N24/37-3500564/2013,15.30,20/12/2013,1,35054,DITA,F,37,A,,sharbani,
383.0,YS-N24/37-3500494/2013,15.30,20/12/2013,1,35054,DITA,F,37,A,,sharbani,
385.0,YS-N24/37-3500474/2013,15.30,20/12/2013,1,35054,DITA,F,37,A,,sharbani,
384.0,YS-N24/37-3500487/2013,15.30,20/12/2013,1,35054,DITA,F,37,A,,sharbani,
390.0,YS-N24/37-3500495/2013,15.30,20/12/2013,1,35054,DITA,F,37,A,,sharbani,
391.0,YS-N24/37-3500543/2013,15.30,20/12/2013,1,35054,DITA,F,37,A,,sharbani,
382.0,YS-N24/37-3500281/2013,15.30,20/12/2013,1,35054,DITA,F,37,A,,sharbani,
379.0,YS-N24/37-3500282/2013,15.30,20/12/2013,1,35054,DITA,F,37,A,,sharbani,
381.0,YS-N24/37-3500552/2013,15.30,20/12/2013,1,35054,DITA,F,37,A,,sharbani,
377.0,YS-N24/37-3500547/2013,15.30,20/12/2013,1,35054,DITA,F,37,A,,sharbani,
389.0,YS-N24/37-3500542/2013,15.30,20/12/2013,1,35054,DITA,F,37,A,,sharbani,
378.0,YS-N24/37-3700183/2013,15.30,20/12/2013,1,35054,DITA,F,37,A,,sharbani,
401.0,YS-N24/37-3500129/2013,17.00,20/12/2013,1,35055,DITA,F,37,A,,sharbani,
402.0,YS-N24/37-3500016/2013,17.00,20/12/2013,1,35055,DITA,F,37,A,,sharbani,
392.0,YS-N24/37-3500017/2013,17.00,20/12/2013,1,35055,DITA,F,37,A,,sharbani,
404.0,YS-N24/37-3500008/2013,17.00,20/12/2013,1,35055,DITA,F,37,A,,sharbani,
394.0,YS-N24/37-3500087/2013,17.00,20/12/2013,1,35055,DITA,F,37,A,,sharbani,
398.0,YS-N24/37-3500031/2013,17.00,20/12/2013,1,35055,DITA,F,37,A,,sharbani,
403.0,YS-N24/37-3500020/2013,17.00,20/12/2013,1,35055,DITA,F,37,A,,sharbani,
393.0,YS-N24/37-3500019/2013,17.00,20/12/2013,1,35055,DITA,F,37,A,,sharbani,
409.0,YS-N24/37-3500027/2013,17.00,20/12/2013,1,35055,DITA,F,37,A,,sharbani,
397.0,YS-N24/37-3500088/2013,17.00,20/12/2013,1,35055,DITA,F,37,A,,sharbani,
395.0,YS-N24/37-3500151/2013,17.00,20/12/2013,1,35055,DITA,F,37,A,,sharbani,
405.0,YS-N24/37-3500058/2013,17.00,20/12/2013,1,35055,DITA,F,37,A,,sharbani,
399.0,YS-N24/37-3200207/2013,18.30,20/12/2013,1,35055,DITA,F,37,A,,sharbani,
396.0,YS-N24/37-3500037/2013,18.30,20/12/2013,1,35055,DITA,F,37,A,,sharbani,
400.0,YS-N24/37-3500002/2013,18.30,20/12/2013,1,35055,DITA,F,37,A,,sharbani,
408.0,YS-N24/37-3500308/2013,18.30,20/12/2013,1,35055,DITA,F,37,A,,sharbani,
406.0,YS-N24/37-3500289/2013,18.30,20/12/2013,1,35055,DITA,F,37,A,,sharbani,
407.0,YS-N24/37-3500290/2013,18.30,20/12/2013,1,35055,DITA,F,37,A,,sharbani,
410.0,YS-N24/37-3500324/2013,18.30,20/12/2013,1,35055,DITA,F,37,A,,sharbani,
415.0,YS-N24/37-3500011/2013,18.30,20/12/2013,1,35056,DITA,F,37,A,,sharbani,
424.0,YS-N24/37-3500162/2013,18.30,20/12/2013,1,35056,DITA,F,37,A,,sharbani,
423.0,YS-N24/37-3500161/2013,18.30,20/12/2013,1,35056,DITA,F,37,A,,sharbani,
432.0,YS-N24/37-3500083/2013,18.30,20/12/2013,1,35056,DITA,F,37,A,,sharbani,
417.0,YS-N24/37-3500084/2013,18.30,20/12/2013,1,35056,DITA,F,37,A,,sharbani,
412.0,YS-N24/37-3500145/2013,08.00,21/12/2013,1,35056,DITA,F,37,A,,sharbani,
419.0,YS-N24/37-3500142/2013,08.00,21/12/2013,1,35056,DITA,F,37,A,,sharbani,
411.0,YS-N24/37-3500141/2013,08.00,21/12/2013,1,35056,DITA,F,37,A,,sharbani,
414.0,YS-N24/37-3500082/2013,08.00,21/12/2013,1,35056,DITA,F,37,A,,sharbani,
433.0,YS-N24/37-3500091/2013,08.00,21/12/2013,1,35056,DITA,F,37,A,,sharbani,
422.0,YS-N24/37-3500085/2013,08.00,21/12/2013,1,35056,DITA,F,37,A,,sharbani,
430.0,YS-N24/37-3500101/2013,08.00,21/12/2013,1,35056,DITA,F,37,A,,sharbani,
413.0,YS-N24/37-3500118/2013,08.00,21/12/2013,1,35056,DITA,F,37,A,,sharbani,
429.0,YS-N24/37-3500179/2013,08.00,21/12/2013,1,35056,DITA,F,37,A,,sharbani,
421.0,YS-N24/37-3500045/2013,08.00,21/12/2013,1,35056,DITA,F,37,A,,sharbani,
426.0,YS-N24/37-3300185/2013,08.00,21/12/2013,1,35056,DITA,F,37,A,,sharbani,
425.0,YS-N24/37-3300186/2013,08.00,21/12/2013,1,35056,DITA,F,37,A,,sharbani,
418.0,YS-N24/37-3500550/2013,09.30,21/12/2013,1,35056,DITA,F,37,A,,sharbani,
420.0,YS-N24/37-3500146/2013,09.30,21/12/2013,1,35056,DITA,F,37,A,,sharbani,
431.0,YS-N24/37-3500270/2013,09.30,21/12/2013,1,35056,DITA,F,37,A,,sharbani,
428.0,YS-N24/37-3500328/2013,09.30,21/12/2013,1,35056,DITA,F,37,A,,sharbani,
416.0,YS-N24/37-3500111/2013,09.30,21/12/2013,1,35056,DITA,F,37,A,,sharbani,
427.0,YS-N24/37-3500435/2013,09.30,21/12/2013,1,35056,DITA,F,37,A,,sharbani,
441.0,YS-N24/37-3500536/2013,09.30,21/12/2013,1,35057,DITA,F,37,A,,sharbani,
436.0,YS-N24/37-3500388/2013,09.30,21/12/2013,1,35057,DITA,F,37,A,,sharbani,
439.0,YS-N24/37-3500387/2013,09.30,21/12/2013,1,35057,DITA,F,37,A,,sharbani,
437.0,YS-N24/37-3500248/2013,09.30,21/12/2013,1,35057,DITA,F,37,A,,sharbani,
445.0,YS-N24/37-3500275/2013,09.30,21/12/2013,1,35057,DITA,F,37,A,,sharbani,
446.0,YS-N24/37-3500274/2013,09.30,21/12/2013,1,35057,DITA,F,37,A,,sharbani,
434.0,YS-N24/37-3500272/2013,11.00,21/12/2013,1,35057,DITA,F,37,A,,sharbani,
447.0,YS-N24/37-3500273/2013,11.00,21/12/2013,1,35057,DITA,F,37,A,,sharbani,
440.0,YS-N24/37-3500267/2013,11.00,21/12/2013,1,35057,DITA,F,37,A,,sharbani,
435.0,YS-N24/37-3500268/2013,11.00,21/12/2013,1,35057,DITA,F,37,A,,sharbani,
438.0,YS-N24/37-3500570/2013,11.00,21/12/2013,1,35057,DITA,F,37,A,,sharbani,
444.0,YS-N24/37-3500343/2013,11.00,21/12/2013,1,35057,DITA,F,37,A,,sharbani,
443.0,YS-N24/37-3500363/2013,11.00,21/12/2013,1,35057,DITA,F,37,A,,sharbani,
448.0,YS-N24/37-3500533/2013,11.00,21/12/2013,1,35057,DITA,F,37,A,,sharbani,
449.0,YS-N24/37-3500409/2013,11.00,21/12/2013,1,35057,DITA,F,37,A,,sharbani,
442.0,YS-N24/37-3500330/2013,11.00,21/12/2013,1,35057,DITA,F,37,A,,sharbani,
468.0,YS-N24/37-3500089/2013,11.00,21/12/2013,1,35058,DITA,F,37,A,,sharbani,
451.0,YS-N24/37-3500445/2013,11.00,21/12/2013,1,35058,DITA,F,37,A,,sharbani,
453.0,YS-N24/37-3500326/2013,12.30,21/12/2013,1,35058,DITA,F,37,A,,sharbani,
467.0,YS-N24/37-3500342/2013,12.30,21/12/2013,1,35058,DITA,F,37,A,,sharbani,
456.0,YS-N24/37-3500420/2013,12.30,21/12/2013,1,35058,DITA,F,37,A,,sharbani,
459.0,YS-N24/37-3500379/2013,12.30,21/12/2013,1,35058,DITA,F,37,A,,sharbani,
450.0,YS-N24/37-3500532/2013,12.30,21/12/2013,1,35058,DITA,F,37,A,,sharbani,
455.0,YS-N24/37-3500539/2013,12.30,21/12/2013,1,35058,DITA,F,37,A,,sharbani,
464.0,YS-N24/37-3500531/2013,12.30,21/12/2013,1,35058,DITA,F,37,A,,sharbani,
454.0,YS-N24/37-3500265/2013,12.30,21/12/2013,1,35058,DITA,F,37,A,,sharbani,
465.0,YS-N24/37-3500278/2013,12.30,21/12/2013,1,35058,DITA,F,37,A,,sharbani,
463.0,YS-N24/37-3500471/2013,12.30,21/12/2013,1,35058,DITA,F,37,A,,sharbani,
462.0,YS-N24/37-3500530/2013,12.30,21/12/2013,1,35058,DITA,F,37,A,,sharbani,
458.0,YS-N24/37-3500554/2013,12.30,21/12/2013,1,35058,DITA,F,37,A,,sharbani,
457.0,YS-N24/37-3500335/2013,14.00,21/12/2013,1,35058,DITA,F,37,A,,sharbani,
460.0,YS-N24/37-3500359/2013,14.00,21/12/2013,1,35058,DITA,F,37,A,,sharbani,
466.0,YS-N24/37-2200733/2013,14.00,21/12/2013,1,35058,DITA,F,37,A,,sharbani,
461.0,YS-N24/37-3500540/2013,14.00,21/12/2013,1,35058,DITA,F,37,A,,sharbani,
452.0,YS-N24/37-3500472/2013,14.00,21/12/2013,1,35058,DITA,F,37,A,,sharbani,
488.0,YS-N24/37-2700304/2013,14.00,21/12/2013,1,35059,DITA,F,37,A,,sharbani,
482.0,YS-N24/37-3500411/2013,14.00,21/12/2013,1,35059,DITA,F,37,A,,sharbani,
471.0,YS-N24/37-3500410/2013,14.00,21/12/2013,1,35059,DITA,F,37,A,,sharbani,
476.0,YS-N24/37-3500286/2013,14.00,21/12/2013,1,35059,DITA,F,37,A,,sharbani,
491.0,YS-N24/37-3500393/2013,14.00,21/12/2013,1,35059,DITA,F,37,A,,sharbani,
485.0,YS-N24/37-3500394/2013,14.00,21/12/2013,1,35059,DITA,F,37,A,,sharbani,
489.0,YS-N24/37-3500402/2013,14.00,21/12/2013,1,35059,DITA,F,37,A,,sharbani,
490.0,YS-N24/37-3500372/2013,15.30,21/12/2013,1,35059,DITA,F,37,A,,sharbani,
473.0,YS-N24/37-3500354/2013,15.30,21/12/2013,1,35059,DITA,F,37,A,,sharbani,
477.0,YS-N24/37-3500259/2013,15.30,21/12/2013,1,35059,DITA,F,37,A,,sharbani,
486.0,YS-N24/37-3500383/2013,15.30,21/12/2013,1,35059,DITA,F,37,A,,sharbani,
480.0,YS-N24/37-3500284/2013,15.30,21/12/2013,1,35059,DITA,F,37,A,,sharbani,
474.0,YS-N24/37-3500381/2013,15.30,21/12/2013,1,35059,DITA,F,37,A,,sharbani,
472.0,YS-N24/37-3500380/2013,15.30,21/12/2013,1,35059,DITA,F,37,A,,sharbani,
475.0,YS-N24/37-3500575/2013,15.30,21/12/2013,1,35059,DITA,F,37,A,,sharbani,
484.0,YS-N24/37-3500429/2013,15.30,21/12/2013,1,35059,DITA,F,37,A,,sharbani,
481.0,YS-N24/37-3500392/2013,15.30,21/12/2013,1,35059,DITA,F,37,A,,sharbani,
487.0,YS-N24/37-3500430/2013,15.30,21/12/2013,1,35059,DITA,F,37,A,,sharbani,
470.0,YS-N24/37-3200503/2013,15.30,21/12/2013,1,35059,DITA,F,37,A,,sharbani,
478.0,YS-N24/37-3200507/2013,17.00,21/12/2013,1,35059,DITA,F,37,A,,sharbani,
469.0,YS-N24/37-3500355/2013,17.00,21/12/2013,1,35059,DITA,F,37,A,,sharbani,
483.0,YS-N24/37-3500463/2013,17.00,21/12/2013,1,35059,DITA,F,37,A,,sharbani,
479.0,YS-N24/37-3500464/2013,17.00,21/12/2013,1,35059,DITA,F,37,A,,sharbani,
14.0,YS-N24/37-3700107/2013,08.00,23/12/2013,1,22051,CDTP,F,37,A,,sharbani,
5.0,YS-N24/37-3700108/2013,08.00,23/12/2013,1,22051,CDTP,F,37,A,,sharbani,
20.0,YS-N24/37-3700109/2013,08.00,23/12/2013,1,22051,CDTP,F,37,A,,sharbani,
19.0,YS-N24/37-3700122/2013,08.00,23/12/2013,1,22051,DDTP,F,37,A,,sharbani,
2.0,YS-N24/37-3700128/2013,08.00,23/12/2013,1,22051,DDTP,F,37,A,,sharbani,
13.0,YS-N24/37-3700149/2013,08.00,23/12/2013,1,22051,CDTP,F,37,A,,sharbani,
25.0,YS-N24/37-3700172/2013,08.00,23/12/2013,1,22051,CDTP,F,37,A,,sharbani,
24.0,YS-N24/37-3700173/2013,08.00,23/12/2013,1,22051,CDTP,F,37,A,,sharbani,
3.0,YS-N24/37-3700215/2013,08.00,23/12/2013,1,22051,CDTP,F,37,A,,sharbani,
11.0,YS-N24/37-3700223/2013,08.00,23/12/2013,1,22051,DDTP,F,37,A,,sharbani,
23.0,YS-N24/37-3700224/2013,08.00,23/12/2013,1,22051,DDTP,F,37,A,,sharbani,
4.0,YS-N24/37-3700227/2013,08.00,23/12/2013,1,22051,CDTP,F,37,A,,sharbani,
26.0,YS-N24/37-3700286/2013,09.30,23/12/2013,1,22051,CDTP,F,37,A,,sharbani,
17.0,YS-N24/37-3700289/2013,09.30,23/12/2013,1,22051,CDTP,F,37,A,,sharbani,
22.0,YS-N24/37-3700297/2013,09.30,23/12/2013,1,22051,CDTP,F,37,A,,sharbani,
6.0,YS-N24/37-3700299/2013,09.30,23/12/2013,1,22051,CDTP,F,37,A,,sharbani,
16.0,YS-N24/37-3700306/2013,09.30,23/12/2013,1,22051,CDTP,F,37,A,,sharbani,
8.0,YS-N24/37-3700307/2013,09.30,23/12/2013,1,22051,CDTP,F,37,A,,sharbani,
21.0,YS-N24/37-3700311/2013,09.30,23/12/2013,1,22051,CDTP,F,37,A,,sharbani,
9.0,YS-N24/37-3700312/2013,09.30,23/12/2013,1,22051,CDTP,F,37,A,,sharbani,
12.0,YS-N24/37-3700323/2013,09.30,23/12/2013,1,22051,CDTP,F,37,A,,sharbani,
7.0,YS-N24/37-3700326/2013,09.30,23/12/2013,1,22051,CDTP,F,37,A,,sharbani,
18.0,YS-N24/37-3700329/2013,09.30,23/12/2013,1,22051,CDTP,F,37,A,,sharbani,
15.0,YS-N24/37-3700334/2013,09.30,23/12/2013,1,22051,CDTP,F,37,A,,sharbani,
10.0,YS-N24/37-3700336/2013,11.00,23/12/2013,1,22051,CDTP,F,37,A,,sharbani,
35.0,YS-N24/37-3700193/2013,11.00,23/12/2013,1,22052,DDTP,F,37,A,,sharbani,
27.0,YS-N24/37-3700194/2013,11.00,23/12/2013,1,22052,DDTP,F,37,A,,sharbani,
31.0,YS-N24/37-3700290/2013,11.00,23/12/2013,1,22052,CDTP,F,37,A,,sharbani,
36.0,YS-N24/37-3700293/2013,11.00,23/12/2013,1,22052,CDTP,F,37,A,,sharbani,
34.0,YS-N24/37-3700304/2013,11.00,23/12/2013,1,22052,CDTP,F,37,A,,sharbani,
30.0,YS-N24/37-3700313/2013,11.00,23/12/2013,1,22052,CDTP,F,37,A,,sharbani,
32.0,YS-N24/37-3700317/2013,11.00,23/12/2013,1,22052,CDTP,F,37,A,,sharbani,
33.0,YS-N24/37-3700331/2013,11.00,23/12/2013,1,22052,CDTP,F,37,A,,sharbani,
28.0,YS-N24/37-3700332/2013,11.00,23/12/2013,1,22052,CDTP,F,37,A,,sharbani,
29.0,YS-N24/37-3700343/2013,11.00,23/12/2013,1,22052,CDTP,F,37,A,,sharbani,
304.0,YS-N24/37-3500056/2013,12.30,23/12/2013,1,32051,DDTP,F,37,A,,sharbani,
308.0,YS-N24/37-3500077/2013,12.30,23/12/2013,1,32051,DDTP,F,37,A,,sharbani,
302.0,YS-N24/37-3500071/2013,12.30,23/12/2013,1,32051,DDTP,F,37,A,,sharbani,
297.0,YS-N24/37-3500163/2013,12.30,23/12/2013,1,32051,DDTP,F,37,A,,sharbani,
303.0,YS-N24/37-3500235/2013,12.30,23/12/2013,1,32051,DDTP,F,37,A,,sharbani,
305.0,YS-N24/37-3500234/2013,12.30,23/12/2013,1,32051,DDTP,F,37,A,,sharbani,
296.0,YS-N24/37-3500188/2013,12.30,23/12/2013,1,32051,DDTP,F,37,A,,sharbani,
298.0,YS-N24/37-3500100/2013,12.30,23/12/2013,1,32051,DDTP,F,37,A,,sharbani,
299.0,YS-N24/37-3500210/2013,12.30,23/12/2013,1,32051,DDTP,F,37,A,,sharbani,
307.0,YS-N24/37-3500563/2013,12.30,23/12/2013,1,32051,DDTP,F,37,A,,sharbani,
300.0,YS-N24/37-3500579/2013,12.30,23/12/2013,1,32051,DDTP,F,37,A,,sharbani,
301.0,YS-N24/37-3500240/2013,12.30,23/12/2013,1,32051,DDTP,F,37,A,,sharbani,
295.0,YS-N24/37-3500206/2013,14.00,23/12/2013,1,32051,DDTP,F,37,A,,sharbani,
306.0,YS-N24/37-3500199/2013,14.00,23/12/2013,1,32051,DDTP,F,37,A,,sharbani,
504.0,YS-N24/37-3300377/2013,14.00,23/12/2013,1,42051,ADDTP,F,37,A,,sharbani,
505.0,YS-N24/37-3300358/2013,14.00,23/12/2013,1,42051,ADDTP,F,37,A,,sharbani,
506.0,YS-N24/37-3300072/2013,14.00,23/12/2013,1,42051,ADDTP,F,37,A,,sharbani,
507.0,YS-N24/37-3300397/2013,14.00,23/12/2013,1,42051,ADDTP,F,37,A,,sharbani,
56.0,YS-N24/37-3700073/2013,08.00,23/12/2013,1,23051,DFAS,F,37,A,,sharbani,
42.0,YS-N24/37-3700074/2013,08.00,23/12/2013,1,23051,DFAS,F,37,A,,sharbani,
49.0,YS-N24/37-3700078/2013,08.00,23/12/2013,1,23051,CFAS,F,37,A,,sharbani,
51.0,YS-N24/37-3700094/2013,08.00,23/12/2013,1,23051,CFAS,F,37,A,,sharbani,
44.0,YS-N24/37-3700114/2013,08.00,23/12/2013,1,23051,CFAS,F,37,A,,sharbani,
40.0,YS-N24/37-3700115/2013,08.00,23/12/2013,1,23051,CFAS,F,37,A,,sharbani,
53.0,YS-N24/37-3700147/2013,08.00,23/12/2013,1,23051,DFAS,F,37,A,,sharbani,
37.0,YS-N24/37-3700158/2013,08.00,23/12/2013,1,23051,CFAS,F,37,A,,sharbani,
43.0,YS-N24/37-3700169/2013,08.00,23/12/2013,1,23051,CFAS,F,37,A,,sharbani,
45.0,YS-N24/37-3700192/2013,08.00,23/12/2013,1,23051,CFAS,F,37,A,,sharbani,
41.0,YS-N24/37-3700226/2013,08.00,23/12/2013,1,23051,CFAS,F,37,A,,sharbani,
55.0,YS-N24/37-3700233/2013,08.00,23/12/2013,1,23051,CFAS,F,37,A,,sharbani,
54.0,YS-N24/37-3700249/2013,09.30,23/12/2013,1,23051,CFAS,F,37,A,,sharbani,
52.0,YS-N24/37-3700250/2013,09.30,23/12/2013,1,23051,CFAS,F,37,A,,sharbani,
46.0,YS-N24/37-3700251/2013,09.30,23/12/2013,1,23051,CFAS,F,37,A,,sharbani,
50.0,YS-N24/37-3700259/2013,09.30,23/12/2013,1,23051,CFAS,F,37,A,,sharbani,
48.0,YS-N24/37-3700265/2013,09.30,23/12/2013,1,23051,CFAS,F,37,A,,sharbani,
39.0,YS-N24/37-3700276/2013,09.30,23/12/2013,1,23051,CFAS,F,37,A,,sharbani,
38.0,YS-N24/37-3700298/2013,09.30,23/12/2013,1,23051,CFAS,F,37,A,,sharbani,
47.0,YS-N24/37-3700339/2013,09.30,23/12/2013,1,23051,CFAS,F,37,A,,sharbani,
62.0,YS-N24/37-3700287/2013,09.30,23/12/2013,1,23052,CFAS,F,37,A,,sharbani,
73.0,YS-N24/37-3700288/2013,09.30,23/12/2013,1,23052,CFAS,F,37,A,,sharbani,
76.0,YS-N24/37-3700292/2013,09.30,23/12/2013,1,23052,CFAS,F,37,A,,sharbani,
57.0,YS-N24/37-3700294/2013,09.30,23/12/2013,1,23052,CFAS,F,37,A,,sharbani,
65.0,YS-N24/37-3700295/2013,11.00,23/12/2013,1,23052,CFAS,F,37,A,,sharbani,
59.0,YS-N24/37-3700302/2013,11.00,23/12/2013,1,23052,CFAS,F,37,A,,sharbani,
60.0,YS-N24/37-3700305/2013,11.00,23/12/2013,1,23052,CFAS,F,37,A,,sharbani,
71.0,YS-N24/37-3700309/2013,11.00,23/12/2013,1,23052,CFAS,F,37,A,,sharbani,
78.0,YS-N24/37-3700310/2013,11.00,23/12/2013,1,23052,CFAS,F,37,A,,sharbani,
61.0,YS-N24/37-3700315/2013,11.00,23/12/2013,1,23052,CFAS,F,37,A,,sharbani,
75.0,YS-N24/37-3700316/2013,11.00,23/12/2013,1,23052,CFAS,F,37,A,,sharbani,
72.0,YS-N24/37-3700318/2013,11.00,23/12/2013,1,23052,CFAS,F,37,A,,sharbani,
64.0,YS-N24/37-3700319/2013,11.00,23/12/2013,1,23052,CFAS,F,37,A,,sharbani,
66.0,YS-N24/37-3700320/2013,11.00,23/12/2013,1,23052,CFAS,F,37,A,,sharbani,
67.0,YS-N24/37-3700321/2013,11.00,23/12/2013,1,23052,CFAS,F,37,A,,sharbani,
63.0,YS-N24/37-3700324/2013,11.00,23/12/2013,1,23052,CFAS,F,37,A,,sharbani,
77.0,YS-N24/37-3700325/2013,12.30,23/12/2013,1,23052,CFAS,F,37,A,,sharbani,
69.0,YS-N24/37-3700327/2013,12.30,23/12/2013,1,23052,CFAS,F,37,A,,sharbani,
70.0,YS-N24/37-3700328/2013,12.30,23/12/2013,1,23052,CFAS,F,37,A,,sharbani,
74.0,YS-N24/37-3700330/2013,12.30,23/12/2013,1,23052,CFAS,F,37,A,,sharbani,
58.0,YS-N24/37-3700341/2013,12.30,23/12/2013,1,23052,CFAS,F,37,A,,sharbani,
68.0,YS-N24/37-3700349/2013,12.30,23/12/2013,1,23052,CFAS,F,37,A,,sharbani,
94.0,YS-N24/37-3700089/2013,12.30,23/12/2013,1,23053,CFAS,F,37,A,,sharbani,
79.0,YS-N24/37-3700063/2013,12.30,23/12/2013,1,23053,CFAS,F,37,A,,sharbani,
87.0,YS-N24/37-3700130/2013,12.30,23/12/2013,1,23053,DFAS,F,37,A,,sharbani,
84.0,YS-N24/37-3700238/2013,12.30,23/12/2013,1,23053,CFAS,F,37,A,,sharbani,
83.0,YS-N24/37-3700255/2013,12.30,23/12/2013,1,23053,CFAS,F,37,A,,sharbani,
90.0,YS-N24/37-3700291/2013,12.30,23/12/2013,1,23053,CFAS,F,37,A,,sharbani,
86.0,YS-N24/37-3700300/2013,14.00,23/12/2013,1,23053,CFAS,F,37,A,,sharbani,
89.0,YS-N24/37-3700301/2013,14.00,23/12/2013,1,23053,CFAS,F,37,A,,sharbani,
88.0,YS-N24/37-3700303/2013,14.00,23/12/2013,1,23053,CFAS,F,37,A,,sharbani,
91.0,YS-N24/37-3700308/2013,14.00,23/12/2013,1,23053,CFAS,F,37,A,,sharbani,
93.0,YS-N24/37-3700314/2013,14.00,23/12/2013,1,23053,CFAS,F,37,A,,sharbani,
80.0,YS-N24/37-3700340/2013,14.00,23/12/2013,1,23053,CFAS,F,37,A,,sharbani,
92.0,YS-N24/37-3700344/2013,14.00,23/12/2013,1,23053,CFAS,F,37,A,,sharbani,
81.0,YS-N24/37-3700345/2013,14.00,23/12/2013,1,23053,CFAS,F,37,A,,sharbani,
82.0,YS-N24/37-3700346/2013,14.00,23/12/2013,1,23053,DFAS,F,37,A,,sharbani,
85.0,YS-N24/37-3700348/2013,14.00,23/12/2013,1,23053,CFAS,F,37,A,,sharbani,
318.0,YS-N24/37-3500081/2013,15.30,23/12/2013,1,33051,DFAS,F,37,A,,sharbani,
316.0,YS-N24/37-3500197/2013,15.30,23/12/2013,1,33051,DFAS,F,37,A,,sharbani,
319.0,YS-N24/37-3500208/2013,15.30,23/12/2013,1,33051,DFAS,F,37,A,,sharbani,
310.0,YS-N24/37-3500023/2013,15.30,23/12/2013,1,33051,DFAS,F,37,A,,sharbani,
317.0,YS-N24/37-3500155/2013,15.30,23/12/2013,1,33051,DFAS,F,37,A,,sharbani,
315.0,YS-N24/37-3500176/2013,15.30,23/12/2013,1,33051,DFAS,F,37,A,,sharbani,
314.0,YS-N24/37-3500139/2013,15.30,23/12/2013,1,33051,DFAS,F,37,A,,sharbani,
309.0,YS-N24/37-3500165/2013,15.30,23/12/2013,1,33051,DFAS,F,37,A,,sharbani,
312.0,YS-N24/37-3200135/2013,15.30,23/12/2013,1,33051,DFAS,F,37,A,,sharbani,
311.0,YS-N24/37-3500047/2013,15.30,23/12/2013,1,33051,DFAS,F,37,A,,sharbani,
313.0,YS-N24/37-3500134/2013,15.30,23/12/2013,1,33051,DFAS,F,37,A,,sharbani,
518.0,YS-N24/37-3300210/2013,15.30,23/12/2013,1,45051,ADITA,F,37,A,,sharbani,
512.0,YS-N24/37-3300350/2013,15.30,23/12/2013,1,45051,ADITA,F,37,A,,sharbani,
509.0,YS-N24/37-3300259/2013,15.30,23/12/2013,1,45051,ADITA,F,37,A,,sharbani,
515.0,YS-N24/37-3300116/2013,15.30,23/12/2013,1,45051,ADITA,F,37,A,,sharbani,
516.0,YS-N24/37-3300065/2013,15.30,23/12/2013,1,45051,ADITA,F,37,A,,sharbani,
510.0,YS-N24/37-3300011/2013,15.30,23/12/2013,1,45051,ADITA,F,37,A,,sharbani,
508.0,YS-N24/37-3300162/2013,15.30,23/12/2013,1,45051,ADITA,F,37,A,,sharbani,
511.0,YS-N24/37-3300193/2013,15.30,23/12/2013,1,45051,ADITA,F,37,A,,sharbani,
517.0,YS-N24/37-3300179/2013,15.30,23/12/2013,1,45051,ADITA,F,37,A,,sharbani,
513.0,YS-N24/37-3300178/2013,15.30,23/12/2013,1,45051,ADITA,F,37,A,,sharbani,
514.0,YS-N24/37-3300234/2013,15.30,23/12/2013,1,45051,ADITA,F,37,A,,sharbani,
529.0,YS-N24/37-3300309/2013,15.30,23/12/2013,1,45052,ADITA,F,37,A,,sharbani,
527.0,YS-N24/37-3300064/2013,17.00,23/12/2013,1,45052,ADITA,F,37,A,,sharbani,
523.0,YS-N24/37-3300089/2013,17.00,23/12/2013,1,45052,ADITA,F,37,A,,sharbani,
519.0,YS-N24/37-3300225/2013,17.00,23/12/2013,1,45052,ADITA,F,37,A,,sharbani,
522.0,YS-N24/37-3300308/2013,17.00,23/12/2013,1,45052,ADITA,F,37,A,,sharbani,
528.0,YS-N24/37-3200272/2013,17.00,23/12/2013,1,45052,ADITA,F,37,A,,sharbani,
526.0,YS-N24/37-3300336/2013,17.00,23/12/2013,1,45052,ADITA,F,37,A,,sharbani,
520.0,YS-N24/37-3300074/2013,17.00,23/12/2013,1,45052,ADITA,F,37,A,,sharbani,
524.0,YS-N24/37-3300136/2013,17.00,23/12/2013,1,45052,ADITA,F,37,A,,sharbani,
525.0,YS-N24/37-3300112/2013,17.00,23/12/2013,1,45052,ADITA,F,37,A,,sharbani,
521.0,YS-N24/37-3300235/2013,17.00,23/12/2013,1,45052,ADITA,F,37,A,,sharbani,
289.0,YS-N24/37-3700013/2013,14.00,23/12/2013,2,27051,CCHM,F,37,A,,sharbani,
287.0,YS-N24/37-3700014/2013,14.00,23/12/2013,2,27051,CCHM,F,37,A,,sharbani,
285.0,YS-N24/37-3700031/2013,14.00,23/12/2013,2,27051,CCHM,F,37,A,,sharbani,
291.0,YS-N24/37-3700037/2013,14.00,23/12/2013,2,27051,CCHM,F,37,A,,sharbani,
293.0,YS-N24/37-3700045/2013,14.00,23/12/2013,2,27051,CCHM,F,37,A,,sharbani,
283.0,YS-N24/37-3700077/2013,14.00,23/12/2013,2,27051,CCHM,F,37,A,,sharbani,
284.0,YS-N24/37-3700087/2013,14.00,23/12/2013,2,27051,DCHM,F,37,A,,sharbani,
288.0,YS-N24/37-3700136/2013,14.00,23/12/2013,2,27051,DCHM,F,37,A,,sharbani,
294.0,YS-N24/37-3700202/2013,15.00,23/12/2013,2,27051,CCHM,F,37,A,,sharbani,
290.0,YS-N24/37-3700211/2013,15.00,23/12/2013,2,27051,CCHM,F,37,A,,sharbani,
282.0,YS-N24/37-3700217/2013,15.00,23/12/2013,2,27051,CCHM,F,37,A,,sharbani,
292.0,YS-N24/37-3700271/2013,15.00,23/12/2013,2,27051,DCHM,F,37,A,,sharbani,
286.0,YS-N24/37-3700285/2013,15.00,23/12/2013,2,27051,CCHM,F,37,A,,sharbani,
499.0,YS-N24/37-3500004/2013,16.00,23/12/2013,2,37051,DCHM,F,37,A,,sharbani,
498.0,YS-N24/37-3500090/2013,16.00,23/12/2013,2,37051,DCHM,F,37,A,,sharbani,
502.0,YS-N24/37-3500062/2013,16.00,23/12/2013,2,37051,DCHM,F,37,A,,sharbani,
501.0,YS-N24/37-3500063/2013,16.00,23/12/2013,2,37051,DCHM,F,37,A,,sharbani,
494.0,YS-N24/37-3500102/2013,16.00,23/12/2013,2,37051,DCHM,F,37,A,,sharbani,
492.0,YS-N24/37-3500068/2013,16.00,23/12/2013,2,37051,DCHM,F,37,A,,sharbani,
493.0,YS-N24/37-3500140/2013,16.00,23/12/2013,2,37051,DCHM,F,37,A,,sharbani,
503.0,YS-N24/37-3500067/2013,17.00,23/12/2013,2,37051,DCHM,F,37,A,,sharbani,
500.0,YS-N24/37-3500086/2013,17.00,23/12/2013,2,37051,DCHM,F,37,A,,sharbani,
496.0,YS-N24/37-3500010/2013,17.00,23/12/2013,2,37051,DCHM,F,37,A,,sharbani,
495.0,YS-N24/37-3500095/2013,17.00,23/12/2013,2,37051,DCHM,F,37,A,,sharbani,
497.0,YS-N24/37-3500116/2013,17.00,23/12/2013,2,37051,DCHM,F,37,A,,sharbani,
532.0,YS-N24/37-3500076/2013,17.00,21/12/2013,1,35051,DITA,F,37,A,,cic,
530.0,YS-N24/37-3500583/2013,17.00,21/12/2013,1,35051,DITA,F,37,A,,cic,
531.0,YS-N24/37-3500526/2013,17.00,21/12/2013,1,35051,DITA,F,37,A,,cic,
533.0,YS-N24/37-3500160/2013,17.00,21/12/2013,1,35055,DITA,F,37,A,,cic,
534.0,YS-N24/37-3500528/2013,17.00,21/12/2013,1,35051,DITA,F,37,A,,cic,
536.0,YS-N24/37-3700066/2013,18.30,21/12/2013,1,25056,CITA,F,37,A,,PROMITA,
535.0,YS-N24/37-3700168/2013,14.00,23/12/2013,1,23051,CFAS,F,37,A,,PROMITA,
537.0,YS-N24/37-3200420/2013,16.00,06/01/2014,1,45052,ADITA,F,37,A,,cic,
