reg_no,admission,admn_recpt,inst_1_due,inst_1_dt,i_1_recpt,inst_2_due,inst_2_dt,i_2_recpt,inst_3_due,inst_3_dt,i_3_recpt,inst_4_due,inst_4_dt,i_4_recpt,inst_5_due,inst_5_dt,i_5_recpt,inst_6_due,inst_6_dt,i_6_recpt,inst_7_due,inst_7_dt,i_7_recpt,inst_8_due,inst_8_dt,i_8_recpt,session,ses_half,Centre_Id,sem_payabl,sem_paypart,USER
YS-N24/63-5900257/2020,15/10/2019,1.0,11/11/2019,13/11/2019,139.0,10/12/2019,14/12/2019,345.0,10/01/2020,15/01/2020,598.0,10/02/2020,12/02/2020,822.0,10/03/2020,21/01/2021,1455.0,,,,,,,,,,63,A,N24,3000.0,500.0,saheli
YS-N24/63-5900041/2020,15/10/2019,2.0,11/11/2019,16/11/2019,162.0,10/12/2019,30/11/2019,210.0,10/01/2020,04/01/2020,466.0,10/02/2020,22/02/2020,905.0,10/03/2020,22/02/2020,905.0,,,,,,,,,,63,A,N24,3000.0,500.0,saheli
YS-N24/63-5900008/2020,15/10/2019,3.0,11/11/2019,08/11/2019,115.0,10/12/2019,10/12/2019,303.0,10/01/2020,09/01/2020,525.0,10/02/2020,10/02/2020,787.0,10/03/2020,12/03/2020,1317.0,,,,,,,,,,63,A,N24,3000.0,500.0,saheli
YS-N24/63-5900478/2020,15/10/2019,4.0,11/11/2019,09/11/2019,118.0,10/12/2019,06/12/2019,253.0,10/01/2020,13/01/2020,576.0,10/02/2020,08/02/2020,753.0,10/03/2020,07/03/2020,1167.0,,,,,,,,,,63,A,N24,3000.0,500.0,saheli
YS-N24/63-5900120/2020,15/10/2019,5.0,11/11/2019,06/11/2019,99.0,10/12/2019,04/12/2019,232.0,10/01/2020,02/01/2020,455.0,10/02/2020,05/02/2020,698.0,10/03/2020,04/03/2020,1070.0,,,,,,,,,,63,A,N24,3000.0,500.0,saheli
YS-N24/63-5900121/2020,15/10/2019,6.0,11/11/2019,13/11/2019,138.0,10/12/2019,06/12/2019,257.0,10/01/2020,13/01/2020,579.0,10/02/2020,12/02/2020,820.0,10/03/2020,07/03/2020,1179.0,,,,,,,,,,63,A,N24,3000.0,500.0,PROMITA
YS-N24/63-5900028/2020,15/10/2019,7.0,11/11/2019,15/10/2019,9.0,10/12/2019,15/10/2019,9.0,10/01/2020,15/10/2019,9.0,10/02/2020,15/10/2019,9.0,10/03/2020,15/10/2019,9.0,,,,,,,,,,63,A,N24,3000.0,500.0,PROMITA
YS-N24/63-5900031/2020,15/10/2019,8.0,11/11/2019,15/10/2019,10.0,10/12/2019,15/10/2019,10.0,10/01/2020,15/10/2019,10.0,10/02/2020,15/10/2019,10.0,10/03/2020,15/10/2019,10.0,,,,,,,,,,63,A,N24,3000.0,500.0,PROMITA
YS-N24/63-6100093/2020,15/10/2019,11.0,11/11/2019,15/11/2019,159.0,10/12/2019,,,10/01/2020,,,10/02/2020,,,10/03/2020,,,,,,,,,,,,63,A,N24,3000.0,500.0,PROMITA
YS-N24/63-6100090/2020,15/10/2019,12.0,11/11/2019,14/11/2019,146.0,10/12/2019,16/12/2019,357.0,10/01/2020,25/01/2020,651.0,10/02/2020,15/02/2020,866.0,10/03/2020,14/03/2020,1360.0,,,,,,,,,,63,A,N24,3000.0,500.0,saheli
YS-N24/63-6100052/2020,15/10/2019,13.0,11/11/2019,07/11/2019,108.0,10/12/2019,12/12/2019,320.0,10/01/2020,11/01/2020,556.0,10/02/2020,12/02/2020,823.0,10/03/2020,18/03/2020,1415.0,,,,,,,,,,63,A,N24,3000.0,500.0,saheli
YS-N24/63-6100050/2020,15/10/2019,14.0,11/11/2019,14/11/2019,149.0,10/12/2019,14/12/2019,346.0,10/01/2020,11/01/2020,558.0,10/02/2020,12/02/2020,824.0,10/03/2020,11/03/2020,1246.0,,,,,,,,,,63,A,N24,3000.0,500.0,PROMITA
YS-N24/63-6100051/2020,15/10/2019,15.0,11/11/2019,14/11/2019,148.0,10/12/2019,21/12/2019,406.0,10/01/2020,11/01/2020,559.0,10/02/2020,12/02/2020,825.0,10/03/2020,11/03/2020,1247.0,,,,,,,,,,63,A,N24,3000.0,500.0,PROMITA
YS-N24/63-6100030/2020,15/10/2019,16.0,11/11/2019,11/11/2019,124.0,10/12/2019,09/12/2019,283.0,10/01/2020,18/01/2020,623.0,10/02/2020,05/02/2020,701.0,10/03/2020,04/03/2020,1071.0,,,,,,,,,,63,A,N24,3000.0,500.0,saheli
YS-N24/63-6100118/2020,15/10/2019,17.0,11/11/2019,07/11/2019,109.0,10/12/2019,05/12/2019,246.0,10/01/2020,08/01/2020,509.0,10/02/2020,05/02/2020,699.0,10/03/2020,04/03/2020,1068.0,,,,,,,,,,63,A,N24,3000.0,500.0,saheli
YS-N24/63-6100117/2020,15/10/2019,18.0,11/11/2019,07/11/2019,110.0,10/12/2019,05/12/2019,247.0,10/01/2020,08/01/2020,508.0,10/02/2020,05/02/2020,700.0,10/03/2020,04/03/2020,1067.0,,,,,,,,,,63,A,N24,3000.0,500.0,saheli
YS-N24/63-6100064/2020,15/10/2019,19.0,11/11/2019,04/11/2019,83.0,10/12/2019,17/12/2019,373.0,10/01/2020,11/01/2020,557.0,10/02/2020,08/02/2020,745.0,10/03/2020,11/03/2020,1245.0,,,,,,,,,,63,A,N24,3000.0,500.0,PROMITA
YS-N24/63-6100034/2020,15/10/2019,20.0,11/11/2019,09/11/2019,119.0,10/12/2019,06/01/2020,479.0,10/01/2020,06/01/2020,479.0,10/02/2020,08/02/2020,747.0,10/03/2020,09/02/2021,1565.0,,,,,,,,,,63,A,N24,3000.0,500.0,saheli
YS-N24/63-5900493/2020,15/10/2019,21.0,11/11/2019,07/11/2019,107.0,10/12/2019,09/12/2019,280.0,10/01/2020,13/01/2020,569.0,10/02/2020,10/02/2020,780.0,10/03/2020,18/03/2020,1425.0,,,,,,,,,,63,A,N24,3000.0,500.0,PROMITA
YS-N24/63-5900044/2020,15/10/2019,22.0,11/11/2019,04/11/2019,82.0,10/12/2019,09/12/2019,279.0,10/01/2020,13/01/2020,568.0,10/02/2020,03/02/2020,673.0,10/03/2020,04/03/2020,1086.0,,,,,,,,,,63,A,N24,3000.0,500.0,PROMITA
YS-N24/63-5900540/2020,15/10/2019,23.0,11/11/2019,21/11/2019,174.0,10/12/2019,12/12/2019,329.0,10/01/2020,18/01/2020,625.0,10/02/2020,10/02/2020,775.0,10/03/2020,11/03/2020,1269.0,,,,,,,,,,63,A,N24,3000.0,500.0,saheli
YS-N24/63-5900534/2020,15/10/2019,24.0,11/11/2019,11/11/2019,126.0,10/12/2019,09/12/2019,282.0,10/01/2020,20/01/2020,634.0,10/02/2020,08/02/2020,757.0,10/03/2020,07/03/2020,1188.0,,,,,,,,,,63,A,N24,3000.0,500.0,PROMITA
YS-N24/63-5900003/2020,15/10/2019,25.0,11/11/2019,07/11/2019,111.0,10/12/2019,12/12/2019,321.0,10/01/2020,13/01/2020,572.0,10/02/2020,26/02/2020,921.0,10/03/2020,13/02/2021,1598.0,,,,,,,,,,63,A,N24,3000.0,500.0,saheli
YS-N24/63-5900531/2020,15/10/2019,26.0,11/11/2019,11/11/2019,127.0,10/12/2019,12/12/2019,319.0,10/01/2020,06/01/2020,478.0,10/02/2020,15/02/2020,874.0,10/03/2020,15/03/2020,1381.0,,,,,,,,,,63,A,N24,3000.0,500.0,saheli
YS-N24/63-5900033/2020,15/10/2019,27.0,11/11/2019,21/11/2019,176.0,10/12/2019,12/12/2019,324.0,10/01/2020,10/02/2020,773.0,10/02/2020,10/02/2020,773.0,10/03/2020,27/01/2021,1477.0,,,,,,,,,,63,A,N24,3000.0,500.0,saheli
YS-N24/63-6100139/2020,15/10/2019,28.0,11/11/2019,08/11/2019,117.0,10/12/2019,10/12/2019,304.0,10/01/2020,14/01/2020,587.0,10/02/2020,11/02/2020,814.0,10/03/2020,06/03/2020,1153.0,,,,,,,,,,63,A,N24,3000.0,500.0,saheli
YS-N24/63-6100044/2020,15/10/2019,29.0,11/11/2019,09/11/2019,120.0,10/12/2019,06/12/2019,267.0,10/01/2020,09/01/2020,522.0,10/02/2020,06/02/2020,716.0,10/03/2020,06/03/2020,1154.0,,,,,,,,,,63,A,N24,3000.0,500.0,saheli
YS-N24/63-6100075/2020,15/10/2019,30.0,11/11/2019,08/11/2019,112.0,10/12/2019,22/11/2019,177.0,10/01/2020,07/01/2020,496.0,10/02/2020,07/01/2020,496.0,10/03/2020,07/02/2020,735.0,,,,,,,,,,63,A,N24,3000.0,500.0,PROMITA
YS-N24/63-6100014/2020,15/10/2019,31.0,11/11/2019,05/11/2019,95.0,10/12/2019,06/12/2019,266.0,10/01/2020,10/01/2020,541.0,10/02/2020,04/02/2020,685.0,10/03/2020,06/03/2020,1150.0,,,,,,,,,,63,A,N24,3000.0,500.0,saheli
YS-N24/63-6100109/2020,15/10/2019,32.0,11/11/2019,05/11/2019,84.0,10/12/2019,10/12/2019,295.0,10/01/2020,10/01/2020,538.0,10/02/2020,07/02/2020,727.0,10/03/2020,10/03/2020,1223.0,,,,,,,,,,63,A,N24,3000.0,500.0,PROMITA
YS-N24/63-6100108/2020,15/10/2019,33.0,11/11/2019,05/11/2019,86.0,10/12/2019,10/12/2019,296.0,10/01/2020,10/01/2020,537.0,10/02/2020,07/02/2020,726.0,10/03/2020,10/03/2020,1225.0,,,,,,,,,,63,A,N24,3000.0,500.0,PROMITA
YS-N24/63-6100107/2020,15/10/2019,34.0,11/11/2019,05/11/2019,85.0,10/12/2019,10/12/2019,294.0,10/01/2020,10/01/2020,539.0,10/02/2020,07/02/2020,728.0,10/03/2020,10/03/2020,1224.0,,,,,,,,,,63,A,N24,3000.0,500.0,PROMITA
YS-N24/63-6100054/2020,15/10/2019,35.0,11/11/2019,15/11/2019,158.0,10/12/2019,10/12/2019,299.0,10/01/2020,14/01/2020,585.0,10/02/2020,11/02/2020,810.0,10/03/2020,22/01/2021,1460.0,,,,,,,,,,63,A,N24,3000.0,500.0,saheli
YS-N24/63-6100056/2020,15/10/2019,36.0,11/11/2019,15/11/2019,157.0,10/12/2019,13/12/2019,338.0,10/01/2020,14/01/2020,584.0,10/02/2020,11/02/2020,809.0,10/03/2020,06/03/2020,1151.0,,,,,,,,,,63,A,N24,3000.0,500.0,saheli
YS-N24/63-6100106/2020,15/10/2019,37.0,11/11/2019,12/11/2019,132.0,10/12/2019,10/12/2019,300.0,10/01/2020,10/01/2020,546.0,10/02/2020,07/02/2020,734.0,10/03/2020,06/03/2020,1152.0,,,,,,,,,,63,A,N24,3000.0,500.0,saheli
YS-N24/63-6100048/2020,15/10/2019,38.0,11/11/2019,12/11/2019,134.0,10/12/2019,10/12/2019,310.0,10/01/2020,13/02/2020,852.0,10/02/2020,13/02/2020,852.0,10/03/2020,,,,,,,,,,,,63,A,N24,3000.0,500.0,saheli
YS-N24/63-3100280/2020,15/10/2019,39.0,11/11/2019,09/11/2019,121.0,10/12/2019,02/12/2019,222.0,10/01/2020,11/01/2020,567.0,10/02/2020,07/02/2020,741.0,10/03/2020,06/03/2020,1160.0,,,,,,,,,,63,A,N24,3000.0,500.0,PROMITA
YS-N24/63-6100142/2020,16/10/2019,40.0,11/11/2019,06/11/2019,100.0,10/12/2019,09/12/2019,284.0,10/01/2020,10/01/2020,547.0,10/02/2020,05/02/2020,702.0,10/03/2020,07/03/2020,1202.0,,,,,,,,,,63,A,N24,3000.0,500.0,PROMITA
YS-N24/63-6100134/2020,16/10/2019,41.0,11/11/2019,11/11/2019,130.0,10/12/2019,04/12/2019,239.0,10/01/2020,06/01/2020,482.0,10/02/2020,03/02/2020,677.0,10/03/2020,05/03/2020,1119.0,,,,,,,,,,63,A,N24,3000.0,500.0,saheli
YS-N24/63-6100135/2020,16/10/2019,42.0,11/11/2019,11/11/2019,129.0,10/12/2019,04/12/2019,238.0,10/01/2020,06/01/2020,481.0,10/02/2020,03/02/2020,678.0,10/03/2020,05/03/2020,1118.0,,,,,,,,,,63,A,N24,3000.0,500.0,saheli
YS-N24/63-5900074/2020,16/10/2019,43.0,11/11/2019,06/11/2019,103.0,10/12/2019,11/12/2019,314.0,10/01/2020,04/01/2020,475.0,10/02/2020,15/02/2020,878.0,10/03/2020,18/03/2020,1430.0,,,,,,,,,,63,A,N24,3000.0,500.0,PROMITA
YS-N24/63-6100070/2020,16/10/2019,44.0,11/11/2019,06/11/2019,104.0,10/12/2019,11/12/2019,317.0,10/01/2020,02/01/2020,456.0,10/02/2020,06/02/2020,720.0,10/03/2020,12/03/2020,1326.0,,,,,,,,,,63,A,N24,3000.0,500.0,PROMITA
YS-N24/63-6100035/2020,17/10/2019,45.0,11/11/2019,11/11/2019,125.0,10/12/2019,16/12/2019,356.0,10/01/2020,18/01/2020,624.0,10/02/2020,15/02/2020,867.0,10/03/2020,11/03/2020,1248.0,,,,,,,,,,63,A,N24,3000.0,500.0,PROMITA
YS-N24/63-6100023/2020,17/10/2019,46.0,11/11/2019,13/11/2019,145.0,10/12/2019,04/12/2019,244.0,10/01/2020,15/01/2020,597.0,10/02/2020,08/02/2020,742.0,10/03/2020,07/03/2020,1164.0,,,,,,,,,,63,A,N24,3000.0,500.0,saheli
YS-N24/63-6100145/2020,18/10/2019,47.0,11/11/2019,14/11/2019,147.0,10/12/2019,10/12/2019,309.0,10/01/2020,08/01/2020,511.0,10/02/2020,07/02/2020,733.0,10/03/2020,10/03/2020,1226.0,,,,,,,,,,63,A,N24,3000.0,500.0,PROMITA
YS-N24/63-6100086/2020,18/10/2019,48.0,11/11/2019,08/11/2019,113.0,10/12/2019,10/12/2019,292.0,10/01/2020,10/01/2020,536.0,10/02/2020,11/02/2020,804.0,10/03/2020,06/03/2020,1134.0,,,,,,,,,,63,A,N24,3000.0,500.0,PROMITA
YS-N24/63-5900018/2020,18/10/2019,49.0,11/11/2019,03/12/2019,229.0,10/12/2019,06/12/2019,261.0,10/01/2020,09/01/2020,530.0,10/02/2020,10/02/2020,788.0,10/03/2020,10/03/2020,1220.0,,,,,,,,,,63,A,N24,3000.0,500.0,PROMITA
YS-N24/63-6100113/2020,18/10/2019,50.0,11/11/2019,19/11/2019,170.0,10/12/2019,24/12/2019,419.0,10/01/2020,17/01/2020,622.0,10/02/2020,14/02/2020,861.0,10/03/2020,17/03/2020,1405.0,,,,,,,,,,63,A,N24,3000.0,500.0,PROMITA
YS-N24/63-6100100/2020,18/10/2019,51.0,11/11/2019,15/11/2019,156.0,10/12/2019,10/12/2019,298.0,10/01/2020,10/01/2020,544.0,10/02/2020,07/02/2020,732.0,10/03/2020,13/03/2020,1346.0,,,,,,,,,,63,A,N24,3000.0,500.0,PROMITA
YS-N24/63-6100161/2020,18/10/2019,52.0,11/11/2019,05/11/2019,93.0,10/12/2019,10/12/2019,302.0,10/01/2020,07/01/2020,495.0,10/02/2020,13/02/2020,851.0,10/03/2020,17/03/2020,1411.0,,,,,,,,,,63,A,N24,3000.0,500.0,saheli
YS-N24/63-6100039/2020,18/10/2019,53.0,11/11/2019,05/11/2019,94.0,10/12/2019,10/12/2019,301.0,10/01/2020,07/01/2020,494.0,10/02/2020,11/02/2020,813.0,10/03/2020,13/03/2020,1348.0,,,,,,,,,,63,A,N24,3000.0,500.0,PROMITA
YS-N24/63-6100101/2020,18/10/2019,54.0,11/11/2019,12/11/2019,133.0,10/12/2019,10/12/2019,297.0,10/01/2020,14/01/2020,583.0,10/02/2020,07/02/2020,729.0,10/03/2020,17/03/2020,1404.0,,,,,,,,,,63,A,N24,3000.0,500.0,PROMITA
YS-N24/63-5900019/2020,19/10/2019,55.0,11/11/2019,14/12/2019,343.0,10/12/2019,14/12/2019,343.0,10/01/2020,09/01/2020,529.0,10/02/2020,10/02/2020,789.0,10/03/2020,10/03/2020,1221.0,,,,,,,,,,63,A,N24,3000.0,500.0,PROMITA
YS-N24/63-5900489/2020,19/10/2019,56.0,11/11/2019,13/11/2019,140.0,10/12/2019,11/12/2019,312.0,10/01/2020,15/01/2020,595.0,10/02/2020,12/02/2020,819.0,10/03/2020,11/03/2020,1250.0,,,,,,,,,,63,A,N24,3000.0,500.0,PROMITA
YS-N24/63-5900099/2020,19/10/2019,57.0,11/11/2019,12/02/2020,818.0,10/12/2019,12/02/2020,818.0,10/01/2020,12/02/2020,818.0,10/02/2020,12/02/2020,818.0,10/03/2020,27/01/2021,1476.0,,,,,,,,,,63,A,N24,3000.0,500.0,saheli
YS-N24/63-5900002/2020,19/10/2019,58.0,11/11/2019,26/11/2019,188.0,10/12/2019,07/12/2019,270.0,10/01/2020,17/02/2020,879.0,10/02/2020,17/02/2020,879.0,10/03/2020,14/03/2020,1366.0,,,,,,,,,,63,A,N24,3000.0,500.0,saheli
YS-N24/63-6100082/2020,19/10/2019,59.0,11/11/2019,11/11/2019,123.0,10/12/2019,14/12/2019,347.0,10/01/2020,15/01/2020,594.0,10/02/2020,17/02/2020,880.0,10/03/2020,22/01/2021,1456.0,,,,,,,,,,63,A,N24,3000.0,500.0,saheli
YS-N24/63-6100010/2020,19/10/2019,60.0,11/11/2019,02/11/2019,80.0,10/12/2019,16/12/2019,360.0,10/01/2020,04/01/2020,471.0,10/02/2020,04/02/2020,680.0,10/03/2020,03/03/2020,1041.0,,,,,,,,,,63,A,N24,3000.0,500.0,saheli
YS-N24/63-6100009/2020,19/10/2019,61.0,11/11/2019,02/11/2019,81.0,10/12/2019,16/12/2019,359.0,10/01/2020,04/01/2020,472.0,10/02/2020,04/02/2020,681.0,10/03/2020,03/03/2020,1040.0,,,,,,,,,,63,A,N24,3000.0,500.0,saheli
YS-N24/63-6100012/2020,22/10/2019,62.0,11/11/2019,15/11/2019,155.0,10/12/2019,06/12/2019,262.0,10/01/2020,24/01/2020,648.0,10/02/2020,18/02/2020,888.0,10/03/2020,14/03/2020,1373.0,,,,,,,,,,63,A,N24,3000.0,500.0,PROMITA
YS-N24/63-6100088/2020,22/10/2019,63.0,11/11/2019,19/11/2019,169.0,10/12/2019,23/12/2019,410.0,10/01/2020,11/02/2020,812.0,10/02/2020,11/02/2020,812.0,10/03/2020,16/03/2021,1707.0,,,,,,,,,,63,A,N24,3000.0,500.0,saheli
YS-N24/63-6100133/2020,22/10/2019,64.0,11/11/2019,05/11/2019,87.0,10/12/2019,06/12/2019,263.0,10/01/2020,14/01/2020,581.0,10/02/2020,18/02/2020,887.0,10/03/2020,19/01/2021,1453.0,,,,,,,,,,63,A,N24,3000.0,500.0,saheli
YS-N24/63-2700072/2020,23/10/2019,65.0,11/11/2019,27/11/2019,194.0,10/12/2019,12/02/2020,821.0,10/01/2020,12/02/2020,821.0,10/02/2020,12/02/2020,821.0,10/03/2020,05/03/2020,1112.0,,,,,,,,,,63,A,N24,3000.0,500.0,PROMITA
YS-N24/63-5900009/2020,23/10/2019,66.0,11/11/2019,13/11/2019,137.0,10/12/2019,14/12/2019,344.0,10/01/2020,11/01/2020,560.0,10/02/2020,12/02/2020,827.0,10/03/2020,21/01/2021,1454.0,,,,,,,,,,63,A,N24,3000.0,500.0,saheli
YS-N24/63-6100146/2020,23/10/2019,67.0,11/11/2019,23/10/2019,68.0,10/12/2019,23/10/2019,68.0,10/01/2020,23/10/2019,68.0,10/02/2020,23/10/2019,68.0,10/03/2020,23/10/2019,68.0,,,,,,,,,,63,A,N24,3000.0,500.0,saheli
YS-N24/63-6100036/2020,23/10/2019,69.0,11/11/2019,20/11/2019,173.0,10/12/2019,07/12/2019,273.0,10/01/2020,06/01/2020,483.0,10/02/2020,10/02/2020,795.0,10/03/2020,,,,,,,,,,,,63,A,N24,3000.0,500.0,PROMITA
YS-N24/63-5900032/2020,24/10/2019,70.0,11/11/2019,21/11/2019,175.0,10/12/2019,12/12/2019,325.0,10/01/2020,10/02/2020,774.0,10/02/2020,10/02/2020,774.0,10/03/2020,27/01/2021,1478.0,,,,,,,,,,63,A,N24,3000.0,500.0,saheli
YS-N24/63-6100155/2020,24/10/2019,71.0,11/11/2019,11/11/2019,122.0,10/12/2019,14/12/2019,348.0,10/01/2020,24/01/2020,647.0,10/02/2020,17/02/2020,881.0,10/03/2020,18/03/2020,1417.0,,,,,,,,,,63,A,N24,3000.0,500.0,saheli
YS-N24/63-6100015/2020,25/10/2019,72.0,11/11/2019,15/11/2019,154.0,10/12/2019,17/12/2019,371.0,10/01/2020,07/02/2020,736.0,10/02/2020,07/02/2020,736.0,10/03/2020,,,,,,,,,,,,63,A,N24,3000.0,500.0,PROMITA
YS-N24/63-6100089/2020,25/10/2019,73.0,11/11/2019,08/11/2019,114.0,10/12/2019,13/12/2019,341.0,10/01/2020,04/01/2020,470.0,10/02/2020,13/02/2020,850.0,10/03/2020,12/03/2021,1690.0,,,,,,,,,,63,A,N24,3000.0,500.0,saheli
YS-N24/63-5900020/2020,28/10/2019,74.0,11/11/2019,28/11/2019,205.0,10/12/2019,06/01/2020,477.0,10/01/2020,10/02/2020,781.0,10/02/2020,10/02/2020,781.0,10/03/2020,,,,,,,,,,,,63,A,N24,3000.0,500.0,saheli
YS-N24/63-6100128/2020,31/10/2019,75.0,11/11/2019,27/11/2019,195.0,10/12/2019,05/12/2019,245.0,10/01/2020,11/01/2020,555.0,10/02/2020,08/02/2020,748.0,10/03/2020,04/03/2020,1069.0,,,,,,,,,,63,A,N24,3000.0,500.0,saheli
YS-N24/63-6100124/2020,31/10/2019,76.0,11/11/2019,,,10/12/2019,,,10/01/2020,,,10/02/2020,,,10/03/2020,,,,,,,,,,,,63,A,N24,3000.0,500.0,
YS-N24/63-5900073/2020,31/10/2019,77.0,11/11/2019,14/11/2019,150.0,10/12/2019,12/12/2019,328.0,10/01/2020,15/01/2020,603.0,10/02/2020,08/02/2020,758.0,10/03/2020,07/03/2020,1189.0,,,,,,,,,,63,A,N24,3000.0,500.0,PROMITA
YS-N24/63-6100121/2020,01/11/2019,78.0,11/11/2019,08/11/2019,116.0,10/12/2019,10/12/2019,305.0,10/01/2020,10/01/2020,545.0,10/02/2020,08/02/2020,749.0,10/03/2020,,,,,,,,,,,,63,A,N24,3000.0,500.0,saheli
YS-N24/63-6100147/2020,02/11/2019,79.0,11/11/2019,12/11/2019,131.0,10/12/2019,26/12/2019,427.0,10/01/2020,10/01/2020,542.0,10/02/2020,04/02/2020,683.0,10/03/2020,29/01/2021,1513.0,,,,,,,,,,63,A,N24,3000.0,500.0,saheli
YS-N24/63-6100027/2020,05/11/2019,88.0,11/11/2019,05/12/2019,250.0,10/12/2019,07/01/2020,492.0,10/01/2020,07/01/2020,492.0,10/02/2020,11/02/2020,811.0,10/03/2020,17/03/2020,1406.0,,,,,,,,,,63,A,N24,3000.0,500.0,PROMITA
YS-N24/63-5900416/2020,05/11/2019,89.0,11/11/2019,05/11/2019,90.0,10/12/2019,10/12/2019,308.0,10/01/2020,16/01/2020,617.0,10/02/2020,13/02/2020,855.0,10/03/2020,05/03/2020,1110.0,,,,,,,,,,63,A,N24,3000.0,500.0,PROMITA
YS-N24/63-5900291/2020,05/11/2019,91.0,11/11/2019,05/11/2019,92.0,10/12/2019,16/12/2019,358.0,10/01/2020,09/01/2020,528.0,10/02/2020,13/02/2020,856.0,10/03/2020,27/01/2021,1481.0,,,,,,,,,,63,A,N24,3000.0,500.0,saheli
YS-N24/63-5900243/2020,06/11/2019,102.0,11/11/2019,14/12/2019,349.0,10/12/2019,18/01/2020,630.0,10/01/2020,28/01/2021,1511.0,10/02/2020,28/01/2021,1511.0,10/03/2020,28/01/2021,1511.0,,,,,,,,,,63,A,N24,3000.0,500.0,saheli
YS-N24/63-6100026/2020,06/11/2019,105.0,11/11/2019,06/11/2019,106.0,10/12/2019,07/12/2019,272.0,10/01/2020,06/01/2020,487.0,10/02/2020,03/02/2020,679.0,10/03/2020,12/03/2020,1323.0,,,,,,,,,,63,A,N24,3000.0,500.0,PROMITA
YS-N24/63-5900400/2020,11/11/2019,128.0,11/11/2019,13/02/2020,853.0,10/12/2019,13/02/2020,853.0,10/01/2020,13/02/2020,853.0,10/02/2020,13/02/2020,854.0,10/03/2020,28/01/2021,1503.0,,,,,,,,,,63,A,N24,3000.0,500.0,saheli
YS-N24/63-6100077/2020,12/11/2019,135.0,11/11/2019,12/11/2019,136.0,10/12/2019,09/01/2020,524.0,10/01/2020,09/01/2020,524.0,10/02/2020,10/02/2020,791.0,10/03/2020,10/02/2020,791.0,,,,,,,,,,63,A,N24,3000.0,500.0,PROMITA
YS-N24/63-5900251/2020,13/11/2019,143.0,11/11/2019,04/12/2019,235.0,10/12/2019,04/01/2020,473.0,10/01/2020,04/02/2020,695.0,10/02/2020,04/03/2020,1092.0,10/03/2020,27/01/2021,1489.0,,,,,,,,,,63,A,N24,3000.0,500.0,saheli
YS-N24/63-6100024/2020,13/11/2019,144.0,11/11/2019,14/11/2019,151.0,10/12/2019,11/12/2019,318.0,10/01/2020,06/01/2020,485.0,10/02/2020,03/02/2020,674.0,10/03/2020,02/03/2020,1034.0,,,,,,,,,,63,A,N24,3000.0,500.0,saheli
YS-N24/63-6100063/2020,15/11/2019,152.0,11/11/2019,15/11/2019,153.0,10/12/2019,06/12/2019,260.0,10/01/2020,13/03/2020,1341.0,10/02/2020,13/03/2020,1341.0,10/03/2020,13/03/2020,1341.0,,,,,,,,,,63,A,N24,3000.0,500.0,PROMITA
YS-N24/63-6100099/2020,15/11/2019,160.0,11/11/2019,15/11/2019,161.0,10/12/2019,28/01/2020,662.0,10/01/2020,28/01/2020,662.0,10/02/2020,27/01/2021,1501.0,10/03/2020,27/01/2021,1501.0,,,,,,,,,,63,A,N24,3000.0,500.0,saheli
YS-N24/63-5900228/2020,16/11/2019,165.0,11/11/2019,16/11/2019,166.0,10/12/2019,14/12/2019,350.0,10/01/2020,11/03/2020,1272.0,10/02/2020,11/03/2020,1272.0,10/03/2020,11/03/2020,1272.0,,,,,,,,,,63,A,N24,3000.0,500.0,saheli
YS-N24/63-5900026/2020,16/11/2019,167.0,11/11/2019,16/11/2019,168.0,10/12/2019,10/01/2020,550.0,10/01/2020,14/02/2020,864.0,10/02/2020,14/02/2020,864.0,10/03/2020,27/01/2021,1491.0,,,,,,,,,,63,A,N24,3000.0,500.0,saheli
YS-N24/63-5900411/2020,19/11/2019,171.0,11/11/2019,17/12/2019,374.0,10/12/2019,08/01/2020,514.0,10/01/2020,19/02/2020,895.0,10/02/2020,11/03/2020,1276.0,10/03/2020,13/01/2021,1447.0,,,,,,,,,,63,A,N24,3000.0,500.0,saheli
YS-N24/63-6100042/2020,22/11/2019,178.0,11/11/2019,22/11/2019,179.0,10/12/2019,15/01/2020,596.0,10/01/2020,01/02/2020,667.0,10/02/2020,15/02/2020,868.0,10/03/2020,11/03/2020,1249.0,,,,,,,,,,63,A,N24,3000.0,500.0,PROMITA
YS-N24/63-3600629/2020,23/11/2019,182.0,11/11/2019,23/11/2019,183.0,10/12/2019,23/11/2019,183.0,10/01/2020,24/12/2019,422.0,10/02/2020,31/01/2020,666.0,10/03/2020,31/01/2020,666.0,,,,,,,,,,63,A,N24,3000.0,500.0,PROMITA
YS-N24/63-5900476/2020,23/11/2019,184.0,11/11/2019,18/12/2019,384.0,10/12/2019,12/02/2020,833.0,10/01/2020,12/02/2020,833.0,10/02/2020,27/01/2021,1492.0,10/03/2020,27/01/2021,1492.0,,,,,,,,,,63,A,N24,3000.0,500.0,saheli
YS-N24/63-6300001/2020,25/11/2019,185.0,10/01/2020,04/01/2020,468.0,10/02/2020,05/02/2020,703.0,10/03/2020,07/03/2020,1178.0,10/04/2020,,,,,,,,,,,,,,,63,A,N24,2000.0,500.0,PROMITA
YS-N24/63-6100021/2020,25/11/2019,186.0,11/11/2019,25/11/2019,187.0,10/12/2019,14/12/2019,354.0,10/01/2020,14/12/2019,355.0,10/02/2020,13/01/2020,580.0,10/03/2020,13/01/2020,580.0,,,,,,,,,,63,A,N24,3000.0,500.0,saheli
YS-N24/63-6100025/2020,26/11/2019,189.0,11/11/2019,29/11/2019,207.0,10/12/2019,17/12/2019,372.0,10/01/2020,24/01/2020,646.0,10/02/2020,13/02/2020,849.0,10/03/2020,13/03/2020,1349.0,,,,,,,,,,63,A,N24,3000.0,500.0,PROMITA
YS-N24/63-5900098/2020,27/11/2019,192.0,11/11/2019,27/11/2019,193.0,10/12/2019,27/11/2019,193.0,10/01/2020,27/11/2019,193.0,10/02/2020,06/02/2020,717.0,10/03/2020,05/03/2020,1109.0,,,,,,,,,,63,A,N24,3000.0,500.0,PROMITA
YS-N24/63-6100060/2020,27/11/2019,196.0,11/11/2019,27/11/2019,197.0,10/12/2019,03/03/2020,1045.0,10/01/2020,03/03/2020,1045.0,10/02/2020,03/03/2020,1045.0,10/03/2020,03/03/2020,1045.0,,,,,,,,,,63,A,N24,3000.0,500.0,saheli
YS-N24/63-6100066/2020,27/11/2019,198.0,11/11/2019,27/11/2019,199.0,10/12/2019,02/01/2020,457.0,10/01/2020,06/01/2020,484.0,10/02/2020,03/02/2020,676.0,10/03/2020,02/03/2020,1038.0,,,,,,,,,,63,A,N24,3000.0,500.0,saheli
YS-N24/63-6100057/2020,27/11/2019,200.0,11/11/2019,27/11/2019,202.0,10/12/2019,16/12/2019,363.0,10/01/2020,16/01/2020,618.0,10/02/2020,13/02/2020,858.0,10/03/2020,05/03/2020,1120.0,,,,,,,,,,63,A,N24,3000.0,500.0,saheli
YS-N24/63-6100001/2020,27/11/2019,201.0,11/11/2019,27/11/2019,203.0,10/12/2019,11/12/2019,316.0,10/01/2020,15/01/2020,599.0,10/02/2020,10/02/2020,798.0,10/03/2020,14/03/2020,1362.0,,,,,,,,,,63,A,N24,3000.0,500.0,saheli
YS-N24/63-5900390/2020,27/11/2019,204.0,11/11/2019,18/12/2019,385.0,10/12/2019,25/01/2020,654.0,10/01/2020,08/02/2020,765.0,10/02/2020,27/01/2021,1494.0,10/03/2020,27/01/2021,1494.0,,,,,,,,,,63,A,N24,3000.0,500.0,saheli
YS-N24/63-5900492/2020,28/11/2019,206.0,11/11/2019,19/12/2019,396.0,10/12/2019,22/01/2020,642.0,10/01/2020,08/02/2020,762.0,10/02/2020,12/03/2020,1322.0,10/03/2020,27/01/2021,1495.0,,,,,,,,,,63,A,N24,3000.0,500.0,saheli
YS-N24/63-6100166/2020,29/11/2019,208.0,11/11/2019,29/11/2019,209.0,10/12/2019,06/12/2019,256.0,10/01/2020,14/01/2020,586.0,10/02/2020,11/02/2020,815.0,10/03/2020,10/03/2020,1233.0,,,,,,,,,,63,A,N24,3000.0,500.0,saheli
YS-N24/63-5900394/2020,30/11/2019,213.0,11/11/2019,07/12/2019,274.0,10/12/2019,18/01/2020,629.0,10/01/2020,12/02/2020,834.0,10/02/2020,27/01/2021,1493.0,10/03/2020,27/01/2021,1493.0,,,,,,,,,,63,A,N24,3000.0,500.0,saheli
YS-N24/63-6100081/2020,30/11/2019,214.0,11/11/2019,30/11/2019,215.0,10/12/2019,20/12/2019,400.0,10/01/2020,06/01/2020,488.0,10/02/2020,10/02/2020,799.0,10/03/2020,12/03/2020,1324.0,,,,,,,,,,63,A,N24,3000.0,500.0,PROMITA
YS-N24/63-6300002/2020,02/12/2019,216.0,10/01/2020,04/01/2020,467.0,10/02/2020,08/02/2020,751.0,10/03/2020,18/03/2020,1423.0,10/04/2020,,,,,,,,,,,,,,,63,A,N24,2000.0,500.0,saheli
YS-N24/63-5900105/2020,02/12/2019,217.0,11/11/2019,23/12/2019,409.0,10/12/2019,13/01/2020,573.0,10/01/2020,13/01/2020,573.0,10/02/2020,10/02/2020,778.0,10/03/2020,11/01/2021,1444.0,,,,,,,,,,63,A,N24,3000.0,500.0,saheli
YS-N24/63-6300003/2020,02/12/2019,218.0,10/01/2020,02/12/2019,219.0,10/02/2020,02/12/2019,219.0,10/03/2020,02/12/2019,219.0,10/04/2020,,,,,,,,,,,,,,,63,A,N24,2000.0,500.0,PROMITA
YS-N24/63-6100110/2020,02/12/2019,220.0,11/11/2019,02/12/2019,221.0,10/12/2019,,,10/01/2020,,,10/02/2020,,,10/03/2020,,,,,,,,,,,,63,A,N24,3000.0,500.0,PROMITA
YS-N24/63-5900488/2020,02/12/2019,225.0,11/11/2019,10/12/2019,311.0,10/12/2019,10/01/2020,548.0,10/01/2020,08/02/2020,766.0,10/02/2020,10/03/2020,1243.0,10/03/2020,27/01/2021,1484.0,,,,,,,,,,63,A,N24,3000.0,500.0,saheli
YS-N24/63-6100029/2020,02/12/2019,226.0,11/11/2019,09/12/2019,285.0,10/12/2019,16/01/2020,619.0,10/01/2020,05/02/2020,714.0,10/02/2020,07/03/2020,1190.0,10/03/2020,27/01/2021,1496.0,,,,,,,,,,63,A,N24,3000.0,500.0,saheli
YS-N24/63-5900500/2020,02/12/2019,227.0,11/11/2019,16/12/2019,364.0,10/12/2019,15/01/2020,600.0,10/01/2020,04/02/2020,694.0,10/02/2020,25/01/2021,1466.0,10/03/2020,27/01/2021,1470.0,,,,,,,,,,63,A,N24,3000.0,500.0,saheli
YS-N24/63-6300004/2020,02/12/2019,228.0,10/01/2020,15/01/2020,609.0,10/02/2020,08/02/2020,771.0,10/03/2020,18/03/2020,1432.0,10/04/2020,,,,,,,,,,,,,,,63,A,N24,2000.0,500.0,PROMITA
YS-N24/63-6300005/2020,03/12/2019,230.0,10/01/2020,14/01/2020,592.0,10/02/2020,07/02/2020,737.0,10/03/2020,10/03/2020,1234.0,10/04/2020,,,,,,,,,,,,,,,63,A,N24,2000.0,500.0,PROMITA
YS-N24/63-5900336/2020,03/12/2019,231.0,11/11/2019,07/01/2020,507.0,10/12/2019,04/02/2020,697.0,10/01/2020,06/03/2020,1159.0,10/02/2020,16/01/2021,1452.0,10/03/2020,16/01/2021,1452.0,,,,,,,,,,63,A,N24,3000.0,500.0,saheli
YS-N24/63-5900103/2020,04/12/2019,233.0,11/11/2019,09/12/2019,281.0,10/12/2019,27/01/2020,656.0,10/01/2020,27/01/2020,656.0,10/02/2020,10/02/2020,779.0,10/03/2020,27/01/2021,1472.0,,,,,,,,,,63,A,N24,3000.0,500.0,saheli
YS-N24/63-6300006/2020,04/12/2019,234.0,10/01/2020,14/01/2020,591.0,10/02/2020,07/02/2020,738.0,10/03/2020,10/03/2020,1235.0,10/04/2020,,,,,,,,,,,,,,,63,A,N24,2000.0,500.0,PROMITA
YS-N24/63-5900388/2020,04/12/2019,236.0,11/11/2019,04/12/2019,237.0,10/12/2019,14/01/2020,593.0,10/01/2020,14/01/2020,593.0,10/02/2020,04/02/2020,691.0,10/03/2020,10/03/2020,1238.0,,,,,,,,,,63,A,N24,3000.0,500.0,PROMITA
YS-N24/63-6100003/2020,04/12/2019,240.0,11/11/2019,04/12/2019,242.0,10/12/2019,09/01/2020,532.0,10/01/2020,09/01/2020,532.0,10/02/2020,06/02/2020,721.0,10/03/2020,16/03/2020,1397.0,,,,,,,,,,63,A,N24,3000.0,500.0,PROMITA
YS-N24/63-6100018/2020,04/12/2019,241.0,11/11/2019,04/12/2019,243.0,10/12/2019,04/12/2019,243.0,10/01/2020,09/01/2020,531.0,10/02/2020,10/02/2020,796.0,10/03/2020,10/03/2020,1240.0,,,,,,,,,,63,A,N24,3000.0,500.0,PROMITA
YS-N24/63-6300007/2020,05/12/2019,248.0,10/01/2020,13/01/2020,571.0,10/02/2020,13/02/2020,843.0,10/03/2020,,,10/04/2020,,,,,,,,,,,,,,,63,A,N24,2000.0,500.0,saheli
YS-N24/63-6300008/2020,05/12/2019,249.0,10/01/2020,13/01/2020,570.0,10/02/2020,,,10/03/2020,,,10/04/2020,,,,,,,,,,,,,,,63,A,N24,2000.0,500.0,saheli
YS-N24/63-5900284/2020,05/12/2019,251.0,11/11/2019,05/12/2019,252.0,10/12/2019,15/01/2020,604.0,10/01/2020,07/02/2020,739.0,10/02/2020,27/01/2021,1485.0,10/03/2020,27/01/2021,1485.0,,,,,,,,,,63,A,N24,3000.0,500.0,saheli
YS-N24/63-6100085/2020,06/12/2019,254.0,11/11/2019,06/12/2019,255.0,10/12/2019,06/12/2019,255.0,10/01/2020,06/03/2020,1136.0,10/02/2020,06/03/2020,1136.0,10/03/2020,06/03/2020,1136.0,,,,,,,,,,63,A,N24,3000.0,500.0,PROMITA
YS-N24/63-6100167/2020,06/12/2019,258.0,11/11/2019,06/12/2019,259.0,10/12/2019,06/12/2019,259.0,10/01/2020,06/12/2019,259.0,10/02/2020,06/12/2019,259.0,10/03/2020,06/12/2019,259.0,,,,,,,,,,63,A,N24,3000.0,500.0,PROMITA
YS-N24/63-6100020/2020,06/12/2019,264.0,11/11/2019,06/12/2019,265.0,10/12/2019,06/12/2019,265.0,10/01/2020,14/01/2020,582.0,10/02/2020,07/02/2020,723.0,10/03/2020,06/03/2020,1135.0,,,,,,,,,,63,A,N24,3000.0,500.0,PROMITA
YS-N24/63-5900372/2020,06/12/2019,268.0,11/11/2019,20/02/2020,899.0,10/12/2019,20/02/2020,899.0,10/01/2020,27/01/2021,1488.0,10/02/2020,27/01/2021,1488.0,10/03/2020,27/01/2021,1488.0,,,,,,,,,,63,A,N24,3000.0,500.0,saheli
YS-N24/63-5900070/2020,07/12/2019,269.0,11/11/2019,09/01/2020,526.0,10/12/2019,13/02/2020,859.0,10/01/2020,16/03/2020,1395.0,10/02/2020,16/03/2020,1395.0,10/03/2020,16/03/2020,1395.0,,,,,,,,,,63,A,N24,3000.0,500.0,saheli
YS-N24/63-6300009/2020,07/12/2019,271.0,10/01/2020,03/01/2020,462.0,10/02/2020,05/02/2020,709.0,10/03/2020,11/03/2020,1271.0,10/04/2020,,,,,,,,,,,,,,,63,A,N24,2000.0,500.0,saheli
YS-N24/63-6300010/2020,07/12/2019,275.0,10/01/2020,07/12/2019,276.0,10/02/2020,07/12/2019,276.0,10/03/2020,10/01/2020,549.0,10/04/2020,,,,,,,,,,,,,,,63,A,N24,2000.0,500.0,saheli
YS-N24/63-6100037/2020,09/12/2019,277.0,11/11/2019,09/12/2019,278.0,10/12/2019,,,10/01/2020,,,10/02/2020,,,10/03/2020,,,,,,,,,,,,63,A,N24,3000.0,500.0,saheli
YS-N24/63-6100094/2020,09/12/2019,286.0,11/11/2019,09/12/2019,288.0,10/12/2019,09/12/2019,288.0,10/01/2020,07/01/2020,500.0,10/02/2020,10/02/2020,794.0,10/03/2020,10/02/2020,794.0,,,,,,,,,,63,A,N24,3000.0,500.0,PROMITA
YS-N24/63-6100095/2020,09/12/2019,287.0,11/11/2019,09/12/2019,289.0,10/12/2019,09/12/2019,289.0,10/01/2020,07/01/2020,501.0,10/02/2020,10/02/2020,793.0,10/03/2020,10/02/2020,793.0,,,,,,,,,,63,A,N24,3000.0,500.0,PROMITA
YS-N24/63-6300011/2020,09/12/2019,290.0,10/01/2020,07/01/2020,502.0,10/02/2020,28/02/2020,958.0,10/03/2020,28/02/2020,958.0,10/04/2020,,,,,,,,,,,,,,,63,A,N24,2000.0,500.0,saheli
YS-N24/63-6300012/2020,10/12/2019,291.0,10/01/2020,,,10/02/2020,,,10/03/2020,,,10/04/2020,,,,,,,,,,,,,,,63,A,N24,2000.0,500.0,saheli
YS-N24/63-6100045/2020,10/12/2019,306.0,11/11/2019,10/12/2019,307.0,10/12/2019,10/12/2019,307.0,10/01/2020,14/01/2020,588.0,10/02/2020,04/02/2020,682.0,10/03/2020,06/03/2020,1149.0,,,,,,,,,,63,A,N24,3000.0,500.0,saheli
YS-N24/63-6300013/2020,11/12/2019,313.0,10/01/2020,04/01/2020,469.0,10/02/2020,15/02/2020,870.0,10/03/2020,,,10/04/2020,,,,,,,,,,,,,,,63,A,N24,2000.0,500.0,saheli
YS-N24/63-6300014/2020,11/12/2019,315.0,10/01/2020,08/01/2020,512.0,10/02/2020,08/02/2020,769.0,10/03/2020,07/03/2020,1193.0,10/04/2020,,,,,,,,,,,,,,,63,A,N24,2000.0,500.0,PROMITA
YS-N24/63-6100028/2020,12/12/2019,322.0,11/11/2019,12/12/2019,323.0,10/12/2019,12/12/2019,323.0,10/01/2020,08/02/2020,746.0,10/02/2020,15/02/2020,865.0,10/03/2020,18/03/2020,1416.0,,,,,,,,,,63,A,N24,3000.0,500.0,saheli
YS-N24/63-5900011/2020,12/12/2019,326.0,11/11/2019,12/12/2019,327.0,10/12/2019,12/12/2019,327.0,10/01/2020,24/02/2020,911.0,10/02/2020,24/02/2020,911.0,10/03/2020,24/02/2020,911.0,,,,,,,,,,63,A,N24,3000.0,500.0,saheli
YS-N24/63-6300015/2020,12/12/2019,330.0,10/01/2020,12/12/2019,331.0,10/02/2020,12/12/2019,331.0,10/03/2020,12/12/2019,331.0,10/04/2020,,,,,,,,,,,,,,,63,A,N24,2000.0,500.0,saheli
YS-N24/63-6300016/2020,12/12/2019,332.0,10/01/2020,08/01/2020,510.0,10/02/2020,08/02/2020,752.0,10/03/2020,05/03/2020,1102.0,10/04/2020,,,,,,,,,,,,,,,63,A,N24,2000.0,500.0,PROMITA
YS-N24/63-6100040/2020,12/12/2019,334.0,11/11/2019,12/12/2019,335.0,10/12/2019,03/03/2020,1044.0,10/01/2020,03/03/2020,1044.0,10/02/2020,03/03/2020,1044.0,10/03/2020,03/03/2020,1044.0,,,,,,,,,,63,A,N24,3000.0,500.0,saheli
YS-N24/63-6100047/2020,12/12/2019,336.0,11/11/2019,12/12/2019,337.0,10/12/2019,12/12/2019,337.0,10/01/2020,27/01/2020,659.0,10/02/2020,18/02/2020,886.0,10/03/2020,16/03/2020,1398.0,,,,,,,,,,63,A,N24,3000.0,500.0,PROMITA
YS-N24/63-6300017/2020,13/12/2019,339.0,10/01/2020,13/12/2019,340.0,10/02/2020,13/12/2019,340.0,10/03/2020,13/12/2019,340.0,10/04/2020,,,,,,,,,,,,,,,63,A,N24,2000.0,500.0,saheli
YS-N24/63-5900367/2020,13/12/2019,342.0,11/11/2019,09/03/2021,1659.0,10/12/2019,09/03/2021,1659.0,10/01/2020,09/03/2021,1659.0,10/02/2020,09/03/2021,1660.0,10/03/2020,09/03/2021,1660.0,,,,,,,,,,63,A,N24,3000.0,500.0,saheli
YS-N24/63-6300018/2020,14/12/2019,351.0,10/01/2020,,,10/02/2020,,,10/03/2020,,,10/04/2020,,,,,,,,,,,,,,,63,A,N24,2000.0,500.0,saheli
YS-N24/63-6300019/2020,14/12/2019,353.0,10/01/2020,08/01/2020,513.0,10/02/2020,08/02/2020,763.0,10/03/2020,04/03/2020,1098.0,10/04/2020,,,,,,,,,,,,,,,63,A,N24,2000.0,500.0,PROMITA
YS-N24/63-6300020/2020,16/12/2019,361.0,10/01/2020,11/01/2020,566.0,10/02/2020,19/02/2020,896.0,10/03/2020,28/01/2021,1507.0,10/04/2020,,,,,,,,,,,,,,,63,A,N24,2000.0,500.0,saheli
YS-N24/63-6300021/2020,16/12/2019,362.0,10/01/2020,25/01/2020,655.0,10/02/2020,12/02/2020,840.0,10/03/2020,11/03/2020,1288.0,10/04/2020,,,,,,,,,,,,,,,63,A,N24,2000.0,500.0,saheli
YS-N24/63-5900498/2020,16/12/2019,365.0,11/11/2019,16/12/2019,366.0,10/12/2019,28/01/2020,663.0,10/01/2020,14/02/2020,863.0,10/02/2020,25/01/2021,1465.0,10/03/2020,27/01/2021,1483.0,,,,,,,,,,63,A,N24,3000.0,500.0,saheli
YS-N24/63-5900499/2020,16/12/2019,367.0,11/11/2019,16/12/2019,368.0,10/12/2019,06/01/2020,486.0,10/01/2020,10/02/2020,797.0,10/02/2020,25/01/2021,1464.0,10/03/2020,27/01/2021,1469.0,,,,,,,,,,63,A,N24,3000.0,500.0,saheli
YS-N24/63-6300022/2020,16/12/2019,369.0,10/01/2020,08/01/2020,515.0,10/02/2020,12/02/2020,839.0,10/03/2020,04/03/2020,1097.0,10/04/2020,,,,,,,,,,,,,,,63,A,N24,2000.0,500.0,PROMITA
YS-N24/63-5900156/2020,16/12/2019,370.0,11/11/2019,08/01/2020,516.0,10/12/2019,27/01/2021,1471.0,10/01/2020,27/01/2021,1471.0,10/02/2020,27/01/2021,1471.0,10/03/2020,27/01/2021,1471.0,,,,,,,,,,63,A,N24,3000.0,500.0,saheli
YS-N24/63-5900259/2020,18/12/2019,375.0,11/11/2019,12/02/2020,836.0,10/12/2019,19/02/2021,1608.0,10/01/2020,19/02/2021,1608.0,10/02/2020,19/02/2021,1608.0,10/03/2020,10/04/2021,1768.0,,,,,,,,,,63,A,N24,3000.0,500.0,cic
YS-N24/63-5900384/2020,18/12/2019,376.0,11/11/2019,18/12/2019,377.0,10/12/2019,10/01/2020,540.0,10/01/2020,08/02/2020,755.0,10/02/2020,07/03/2020,1187.0,10/03/2020,13/01/2021,1449.0,,,,,,,,,,63,A,N24,3000.0,500.0,saheli
YS-N24/63-5900538/2020,18/12/2019,378.0,11/11/2019,18/12/2019,379.0,10/12/2019,12/02/2020,835.0,10/01/2020,27/01/2021,1482.0,10/02/2020,27/01/2021,1482.0,10/03/2020,27/01/2021,1482.0,,,,,,,,,,63,A,N24,3000.0,500.0,saheli
YS-N24/63-6300023/2020,18/12/2019,380.0,10/01/2020,09/01/2020,521.0,10/02/2020,20/02/2020,897.0,10/03/2020,,,10/04/2020,,,,,,,,,,,,,,,63,A,N24,2000.0,500.0,saheli
YS-N24/63-5900203/2020,18/12/2019,381.0,11/11/2019,18/12/2019,382.0,10/12/2019,11/01/2020,565.0,10/01/2020,08/02/2020,756.0,10/02/2020,04/03/2020,1089.0,10/03/2020,13/01/2021,1448.0,,,,,,,,,,63,A,N24,3000.0,500.0,saheli
YS-N24/63-6300024/2020,18/12/2019,383.0,10/01/2020,10/01/2020,543.0,10/02/2020,01/02/2020,672.0,10/03/2020,11/03/2020,1279.0,10/04/2020,,,,,,,,,,,,,,,63,A,N24,2000.0,500.0,saheli
YS-N24/63-5900191/2020,18/12/2019,386.0,11/11/2019,18/12/2019,387.0,10/12/2019,21/02/2020,902.0,10/01/2020,21/02/2020,902.0,10/02/2020,,,10/03/2020,,,,,,,,,,,,63,A,N24,3000.0,500.0,PROMITA
YS-N24/63-5900183/2020,18/12/2019,388.0,11/11/2019,18/01/2020,628.0,10/12/2019,12/02/2020,841.0,10/01/2020,13/03/2020,1359.0,10/02/2020,27/01/2021,1497.0,10/03/2020,27/01/2021,1497.0,,,,,,,,,,63,A,N24,3000.0,500.0,saheli
YS-N24/63-6100087/2020,19/12/2019,389.0,11/11/2019,19/12/2019,390.0,10/12/2019,19/12/2019,390.0,10/01/2020,22/01/2021,1461.0,10/02/2020,22/01/2021,1461.0,10/03/2020,22/01/2021,1461.0,,,,,,,,,,63,A,N24,3000.0,500.0,saheli
YS-N24/63-6300025/2020,19/12/2019,391.0,10/01/2020,15/01/2020,610.0,10/02/2020,08/02/2020,768.0,10/03/2020,14/03/2020,1377.0,10/04/2020,,,,,,,,,,,,,,,63,A,N24,2000.0,500.0,PROMITA
YS-N24/63-6100067/2020,19/12/2019,392.0,11/11/2019,19/12/2019,393.0,10/12/2019,19/12/2019,393.0,10/01/2020,09/01/2020,534.0,10/02/2020,10/02/2020,801.0,10/03/2020,05/03/2020,1125.0,,,,,,,,,,63,A,N24,3000.0,500.0,saheli
YS-N24/63-5900149/2020,19/12/2019,394.0,11/11/2019,19/12/2019,395.0,10/12/2019,22/01/2020,641.0,10/01/2020,19/02/2020,891.0,10/02/2020,06/03/2020,1157.0,10/03/2020,30/01/2021,1515.0,,,,,,,,,,63,A,N24,3000.0,500.0,saheli
YS-N24/63-6100111/2020,20/12/2019,398.0,11/11/2019,20/12/2019,399.0,10/12/2019,20/12/2019,399.0,10/01/2020,,,10/02/2020,,,10/03/2020,,,,,,,,,,,,63,A,N24,3000.0,500.0,saheli
YS-N24/63-6100120/2020,20/12/2019,401.0,11/11/2019,20/12/2019,402.0,10/12/2019,20/12/2019,402.0,10/01/2020,07/01/2020,489.0,10/02/2020,07/02/2020,722.0,10/03/2020,13/03/2020,1342.0,,,,,,,,,,63,A,N24,3000.0,500.0,PROMITA
YS-N24/63-6100132/2020,20/12/2019,403.0,11/11/2019,20/12/2019,404.0,10/12/2019,20/12/2019,404.0,10/01/2020,20/12/2019,404.0,10/02/2020,20/12/2019,404.0,10/03/2020,20/12/2019,404.0,,,,,,,,,,63,A,N24,3000.0,500.0,saheli
YS-N24/63-6300026/2020,20/12/2019,405.0,10/01/2020,09/01/2020,520.0,10/02/2020,10/02/2020,790.0,10/03/2020,16/03/2020,1385.0,10/04/2020,,,,,,,,,,,,,,,63,A,N24,2000.0,500.0,saheli
YS-N24/63-6100154/2020,21/12/2019,407.0,11/11/2019,21/12/2019,408.0,10/12/2019,21/12/2019,408.0,10/01/2020,21/12/2019,408.0,10/02/2020,21/12/2019,408.0,10/03/2020,21/12/2019,408.0,,,,,,,,,,63,A,N24,3000.0,500.0,saheli
YS-N24/63-5900108/2020,23/12/2019,411.0,11/11/2019,03/04/2021,1753.0,10/12/2019,10/04/2021,1767.0,10/01/2020,10/04/2021,1767.0,10/02/2020,10/04/2021,1767.0,10/03/2020,10/04/2021,1767.0,,,,,,,,,,63,A,N24,3000.0,500.0,cic
YS-N24/63-5900114/2020,23/12/2019,412.0,11/11/2019,24/01/2020,650.0,10/12/2019,11/02/2020,817.0,10/01/2020,,,10/02/2020,,,10/03/2020,,,,,,,,,,,,63,A,N24,3000.0,500.0,PROMITA
YS-N24/63-6100038/2020,23/12/2019,413.0,11/11/2019,23/12/2019,414.0,10/12/2019,,,10/01/2020,,,10/02/2020,,,10/03/2020,,,,,,,,,,,,63,A,N24,3000.0,500.0,PROMITA
YS-N24/63-6100164/2020,24/12/2019,415.0,11/11/2019,24/12/2019,416.0,10/12/2019,24/12/2019,416.0,10/01/2020,24/12/2019,416.0,10/02/2020,24/12/2019,416.0,10/03/2020,24/12/2019,416.0,,,,,,,,,,63,A,N24,3000.0,500.0,PROMITA
YS-N24/63-6100163/2020,24/12/2019,417.0,11/11/2019,24/12/2019,418.0,10/12/2019,24/12/2019,418.0,10/01/2020,24/12/2019,418.0,10/02/2020,24/12/2019,418.0,10/03/2020,24/12/2019,418.0,,,,,,,,,,63,A,N24,3000.0,500.0,PROMITA
YS-N24/63-6100032/2020,24/12/2019,420.0,11/11/2019,24/12/2019,421.0,10/12/2019,24/12/2019,421.0,10/01/2020,09/01/2020,523.0,10/02/2020,03/02/2020,675.0,10/03/2020,02/03/2020,1037.0,,,,,,,,,,63,A,N24,3000.0,500.0,saheli
YS-N24/63-6300027/2020,24/12/2019,423.0,10/01/2020,07/01/2020,493.0,10/02/2020,04/02/2020,686.0,10/03/2020,03/03/2020,1049.0,10/04/2020,,,,,,,,,,,,,,,63,A,N24,2000.0,500.0,cic
YS-N24/63-5100285/2020,24/12/2019,424.0,11/11/2019,24/12/2019,425.0,10/12/2019,24/12/2019,425.0,10/01/2020,24/12/2019,425.0,10/02/2020,28/02/2020,959.0,10/03/2020,18/03/2020,1431.0,,,,,,,,,,63,A,N24,3000.0,500.0,PROMITA
YS-N24/63-5900217/2020,24/12/2019,426.0,11/11/2019,21/03/2020,1442.0,10/12/2019,21/03/2020,1442.0,10/01/2020,21/03/2020,1442.0,10/02/2020,27/01/2021,1498.0,10/03/2020,27/01/2021,1498.0,,,,,,,,,,63,A,N24,3000.0,500.0,saheli
YS-N24/63-6100059/2020,26/12/2019,428.0,11/11/2019,26/12/2019,429.0,10/12/2019,26/12/2019,429.0,10/01/2020,,,10/02/2020,,,10/03/2020,,,,,,,,,,,,63,A,N24,3000.0,500.0,saheli
YS-N24/63-6300028/2020,26/12/2019,430.0,10/01/2020,07/01/2020,497.0,10/02/2020,04/02/2020,689.0,10/03/2020,04/02/2020,690.0,10/04/2020,,,,,,,,,,,,,,,63,A,N24,2000.0,500.0,PROMITA
YS-N24/63-5900206/2020,26/12/2019,431.0,11/11/2019,26/12/2019,432.0,10/12/2019,26/12/2019,432.0,10/01/2020,26/12/2019,432.0,10/02/2020,22/01/2021,1458.0,10/03/2020,22/01/2021,1458.0,,,,,,,,,,63,A,N24,3000.0,500.0,saheli
YS-N24/63-5900204/2020,26/12/2019,433.0,11/11/2019,26/12/2019,434.0,10/12/2019,26/12/2019,434.0,10/01/2020,26/12/2019,434.0,10/02/2020,08/02/2020,764.0,10/03/2020,22/01/2021,1459.0,,,,,,,,,,63,A,N24,3000.0,500.0,saheli
YS-N24/63-6100165/2020,26/12/2019,436.0,11/11/2019,26/12/2019,437.0,10/12/2019,31/01/2020,665.0,10/01/2020,31/01/2020,665.0,10/02/2020,13/02/2020,848.0,10/03/2020,,,,,,,,,,,,63,A,N24,3000.0,500.0,saheli
YS-N24/63-5900253/2020,26/12/2019,439.0,11/11/2019,21/01/2020,635.0,10/12/2019,25/01/2021,1462.0,10/01/2020,25/01/2021,1462.0,10/02/2020,25/01/2021,1462.0,10/03/2020,25/01/2021,1462.0,,,,,,,,,,63,A,N24,3000.0,500.0,saheli
YS-N24/63-6300030/2020,26/12/2019,440.0,10/01/2020,26/12/2019,441.0,10/02/2020,07/02/2020,730.0,10/03/2020,07/02/2020,730.0,10/04/2020,,,,,,,,,,,,,,,63,A,N24,2000.0,500.0,saheli
YS-N24/63-5900030/2020,27/12/2019,442.0,11/11/2019,27/12/2019,443.0,10/12/2019,24/01/2020,649.0,10/01/2020,17/02/2020,885.0,10/02/2020,24/02/2020,914.0,10/03/2020,08/01/2021,1443.0,,,,,,,,,,63,A,N24,3000.0,500.0,saheli
YS-N24/63-6100130/2020,28/12/2019,444.0,11/11/2019,28/12/2019,445.0,10/12/2019,28/12/2019,445.0,10/01/2020,28/12/2019,445.0,10/02/2020,28/12/2019,445.0,10/03/2020,28/12/2019,445.0,,,,,,,,,,63,A,N24,3000.0,500.0,saheli
YS-N24/63-6100138/2020,28/12/2019,446.0,11/11/2019,28/12/2019,447.0,10/12/2019,28/12/2019,447.0,10/01/2020,28/12/2019,447.0,10/02/2020,04/03/2020,1072.0,10/03/2020,04/03/2020,1072.0,,,,,,,,,,63,A,N24,3000.0,500.0,saheli
YS-N24/63-6300031/2020,30/12/2019,448.0,10/01/2020,03/01/2020,461.0,10/02/2020,04/02/2020,684.0,10/03/2020,03/03/2020,1050.0,10/04/2020,,,,,,,,,,,,,,,63,A,N24,2000.0,500.0,cic
YS-N24/63-5900192/2020,01/01/2020,449.0,11/11/2019,01/01/2020,450.0,10/12/2019,16/03/2020,1399.0,10/01/2020,16/03/2020,1399.0,10/02/2020,27/01/2021,1502.0,10/03/2020,10/03/2021,1673.0,,,,,,,,,,63,A,N24,3000.0,500.0,saheli
YS-N24/63-5900365/2020,01/01/2020,451.0,11/11/2019,04/02/2020,696.0,10/12/2019,12/02/2020,842.0,10/01/2020,06/03/2020,1161.0,10/02/2020,24/03/2021,1736.0,10/03/2020,24/03/2021,1736.0,,,,,,,,,,63,A,N24,3000.0,500.0,saheli
YS-N24/63-6300032/2020,01/01/2020,452.0,10/01/2020,01/01/2020,453.0,10/02/2020,,,10/03/2020,,,10/04/2020,,,,,,,,,,,,,,,63,A,N24,2000.0,500.0,PROMITA
YS-N24/63-6300033/2020,02/01/2020,458.0,10/01/2020,02/01/2020,459.0,10/02/2020,07/02/2020,740.0,10/03/2020,10/03/2020,1237.0,10/04/2020,,,,,,,,,,,,,,,63,A,N24,2000.0,500.0,PROMITA
YS-N24/63-6300034/2020,03/01/2020,460.0,10/01/2020,04/01/2020,474.0,10/02/2020,,,10/03/2020,,,10/04/2020,,,,,,,,,,,,,,,63,A,N24,2000.0,500.0,PROMITA
YS-N24/63-5900366/2020,03/01/2020,463.0,11/11/2019,28/01/2020,664.0,10/12/2019,08/02/2020,767.0,10/01/2020,10/03/2020,1239.0,10/02/2020,31/03/2021,1745.0,10/03/2020,31/03/2021,1745.0,,,,,,,,,,63,A,N24,3000.0,500.0,saheli
YS-N24/63-6300035/2020,03/01/2020,464.0,10/01/2020,03/01/2020,465.0,10/02/2020,08/02/2020,750.0,10/03/2020,08/02/2020,750.0,10/04/2020,,,,,,,,,,,,,,,63,A,N24,2000.0,500.0,saheli
YS-N24/63-5900236/2020,04/01/2020,476.0,11/11/2019,11/01/2020,564.0,10/12/2019,10/02/2020,800.0,10/01/2020,10/03/2020,1242.0,10/02/2020,02/03/2021,1626.0,10/03/2020,26/03/2021,1739.0,,,,,,,,,,63,A,N24,3000.0,500.0,saheli
YS-N24/63-6300036/2020,06/01/2020,480.0,10/01/2020,09/01/2020,527.0,10/02/2020,08/02/2020,770.0,10/03/2020,07/03/2020,1203.0,10/04/2020,,,,,,,,,,,,,,,63,A,N24,2000.0,500.0,PROMITA
YS-N24/63-6300037/2020,07/01/2020,490.0,10/01/2020,07/01/2020,491.0,10/02/2020,10/02/2020,792.0,10/03/2020,10/02/2020,792.0,10/04/2020,,,,,,,,,,,,,,,63,A,N24,2000.0,500.0,PROMITA
YS-N24/63-6300038/2020,07/01/2020,498.0,10/01/2020,07/01/2020,499.0,10/02/2020,,,10/03/2020,,,10/04/2020,,,,,,,,,,,,,,,63,A,N24,2000.0,500.0,PROMITA
YS-N24/63-5900123/2020,07/01/2020,503.0,11/11/2019,07/01/2020,506.0,10/12/2019,19/02/2020,894.0,10/01/2020,27/01/2021,1473.0,10/02/2020,27/01/2021,1473.0,10/03/2020,27/01/2021,1473.0,,,,,,,,,,63,A,N24,3000.0,500.0,saheli
YS-N24/63-5900293/2020,07/01/2020,504.0,11/11/2019,07/01/2020,505.0,10/12/2019,,,10/01/2020,,,10/02/2020,,,10/03/2020,,,,,,,,,,,,63,A,N24,3000.0,500.0,PROMITA
YS-N24/63-5900157/2020,08/01/2020,517.0,11/11/2019,08/01/2020,518.0,10/12/2019,08/02/2020,754.0,10/01/2020,12/03/2020,1325.0,10/02/2020,27/01/2021,1500.0,10/03/2020,27/01/2021,1500.0,,,,,,,,,,63,A,N24,3000.0,500.0,saheli
YS-N24/63-5900376/2020,10/01/2020,551.0,11/11/2019,10/01/2020,552.0,10/12/2019,14/02/2020,862.0,10/01/2020,10/03/2020,1241.0,10/02/2020,,,10/03/2020,,,,,,,,,,,,63,A,N24,3000.0,500.0,PROMITA
YS-N24/63-6300039/2020,11/01/2020,553.0,10/01/2020,11/01/2020,554.0,10/02/2020,,,10/03/2020,,,10/04/2020,,,,,,,,,,,,,,,63,A,N24,2000.0,500.0,saheli
YS-N24/63-6300040/2020,11/01/2020,562.0,10/01/2020,11/01/2020,563.0,10/02/2020,12/02/2020,828.0,10/03/2020,11/03/2020,1270.0,10/04/2020,,,,,,,,,,,,,,,63,A,N24,2000.0,500.0,saheli
YS-N24/63-5900425/2020,13/01/2020,574.0,11/11/2019,13/01/2020,575.0,10/12/2019,13/01/2020,575.0,10/01/2020,13/01/2020,575.0,10/02/2020,27/01/2021,1474.0,10/03/2020,27/01/2021,1474.0,,,,,,,,,,63,A,N24,3000.0,500.0,saheli
YS-N24/63-6300041/2020,13/01/2020,577.0,10/01/2020,13/01/2020,578.0,10/02/2020,05/02/2020,706.0,10/03/2020,07/03/2020,1177.0,10/04/2020,,,,,,,,,,,,,,,63,A,N24,2000.0,500.0,PROMITA
YS-N24/63-6300042/2020,14/01/2020,589.0,10/01/2020,14/01/2020,590.0,10/02/2020,12/02/2020,832.0,10/03/2020,12/02/2020,832.0,10/04/2020,,,,,,,,,,,,,,,63,A,N24,2000.0,500.0,saheli
YS-N24/63-6300043/2020,15/01/2020,601.0,10/01/2020,15/01/2020,602.0,10/02/2020,15/02/2020,873.0,10/03/2020,27/01/2021,1475.0,10/04/2020,,,,,,,,,,,,,,,63,A,N24,2000.0,500.0,saheli
YS-N24/63-5900211/2020,15/01/2020,605.0,11/11/2019,15/01/2020,606.0,10/12/2019,15/01/2020,606.0,10/01/2020,15/01/2020,606.0,10/02/2020,15/01/2020,606.0,10/03/2020,15/01/2020,606.0,,,,,,,,,,63,A,N24,3000.0,500.0,PROMITA
YS-N24/63-6300044/2020,15/01/2020,607.0,10/01/2020,15/01/2020,608.0,10/02/2020,08/02/2020,761.0,10/03/2020,14/03/2020,1375.0,10/04/2020,,,,,,,,,,,,,,,63,A,N24,2000.0,500.0,PROMITA
YS-N24/63-5900190/2020,15/01/2020,611.0,11/11/2019,15/01/2020,612.0,10/12/2019,25/02/2020,918.0,10/01/2020,13/03/2020,1358.0,10/02/2020,25/03/2021,1737.0,10/03/2020,25/03/2021,1737.0,,,,,,,,,,63,A,N24,3000.0,500.0,saheli
YS-N24/63-5900069/2020,16/01/2020,615.0,11/11/2019,16/01/2020,616.0,10/12/2019,16/01/2020,616.0,10/01/2020,16/01/2020,616.0,10/02/2020,11/02/2020,816.0,10/03/2020,27/01/2021,1490.0,,,,,,,,,,63,A,N24,3000.0,500.0,saheli
YS-N24/63-6300045/2020,17/01/2020,620.0,10/01/2020,17/01/2020,621.0,10/02/2020,11/03/2020,1256.0,10/03/2020,11/03/2020,1256.0,10/04/2020,,,,,,,,,,,,,,,63,A,N24,2000.0,500.0,PROMITA
YS-N24/63-5900323/2020,18/01/2020,626.0,11/11/2019,18/01/2020,627.0,10/12/2019,18/01/2020,627.0,10/01/2020,18/01/2020,627.0,10/02/2020,25/01/2021,1463.0,10/03/2020,25/01/2021,1463.0,,,,,,,,,,63,A,N24,3000.0,500.0,saheli
YS-N24/63-5900219/2020,18/01/2020,631.0,11/11/2019,18/01/2020,632.0,10/12/2019,,,10/01/2020,,,10/02/2020,,,10/03/2020,,,,,,,,,,,,63,A,N24,3000.0,500.0,PROMITA
YS-N24/63-5900397/2020,21/01/2020,636.0,11/11/2019,,,10/12/2019,,,10/01/2020,,,10/02/2020,,,10/03/2020,,,,,,,,,,,,63,A,N24,3000.0,500.0,
YS-N24/63-6100137/2020,22/01/2020,637.0,11/11/2019,22/01/2020,638.0,10/12/2019,22/01/2020,638.0,10/01/2020,22/01/2020,638.0,10/02/2020,22/01/2020,638.0,10/03/2020,22/01/2020,638.0,,,,,,,,,,63,A,N24,3000.0,500.0,saheli
YS-N24/63-6100136/2020,22/01/2020,639.0,11/11/2019,22/01/2020,640.0,10/12/2019,22/01/2020,640.0,10/01/2020,22/01/2020,640.0,10/02/2020,22/01/2020,640.0,10/03/2020,22/01/2020,640.0,,,,,,,,,,63,A,N24,3000.0,500.0,saheli
YS-N24/63-5900174/2020,22/01/2020,643.0,11/11/2019,25/01/2020,653.0,10/12/2019,27/01/2021,1499.0,10/01/2020,27/01/2021,1499.0,10/02/2020,27/01/2021,1499.0,10/03/2020,27/01/2021,1499.0,,,,,,,,,,63,A,N24,3000.0,500.0,saheli
YS-N24/63-6300046/2020,22/01/2020,644.0,10/01/2020,22/01/2020,645.0,10/02/2020,22/02/2020,908.0,10/03/2020,28/01/2021,1506.0,10/04/2020,,,,,,,,,,,,,,,63,A,N24,2000.0,500.0,saheli
YS-N24/63-6300047/2020,27/01/2020,657.0,10/01/2020,27/01/2020,658.0,10/02/2020,10/02/2020,772.0,10/03/2020,04/03/2021,1630.0,10/04/2020,,,,,,,,,,,,,,,63,A,N24,2000.0,500.0,saheli
YS-N24/63-6300048/2020,28/01/2020,660.0,10/01/2020,28/01/2020,661.0,10/02/2020,07/02/2020,731.0,10/03/2020,10/03/2020,1227.0,10/04/2020,,,,,,,,,,,,,,,63,A,N24,2000.0,500.0,saheli
YS-N24/63-6300049/2020,01/02/2020,668.0,10/01/2020,01/02/2020,669.0,10/02/2020,01/02/2020,669.0,10/03/2020,26/02/2020,920.0,10/04/2020,,,,,,,,,,,,,,,63,A,N24,2000.0,500.0,saheli
YS-N24/63-6300050/2020,01/02/2020,670.0,10/01/2020,01/02/2020,671.0,10/02/2020,01/02/2020,671.0,10/03/2020,04/03/2020,1090.0,10/04/2020,,,,,,,,,,,,,,,63,A,N24,2000.0,500.0,PROMITA
YS-N24/63-6300051/2020,04/02/2020,687.0,10/01/2020,04/02/2020,688.0,10/02/2020,04/02/2020,688.0,10/03/2020,10/03/2020,1236.0,10/04/2020,,,,,,,,,,,,,,,63,A,N24,2000.0,500.0,PROMITA
YS-N24/63-6300052/2020,04/02/2020,692.0,10/01/2020,04/02/2020,693.0,10/02/2020,07/03/2020,1192.0,10/03/2020,07/03/2020,1192.0,10/04/2020,,,,,,,,,,,,,,,63,A,N24,2000.0,500.0,PROMITA
YS-N24/63-6300053/2020,05/02/2020,704.0,10/01/2020,05/02/2020,705.0,10/02/2020,05/02/2020,705.0,10/03/2020,,,10/04/2020,,,,,,,,,,,,,,,63,A,N24,2000.0,500.0,PROMITA
YS-N24/63-6300054/2020,05/02/2020,707.0,10/01/2020,05/02/2020,708.0,10/02/2020,05/02/2020,708.0,10/03/2020,14/03/2020,1371.0,10/04/2020,,,,,,,,,,,,,,,63,A,N24,2000.0,500.0,PROMITA
YS-N24/63-6300055/2020,05/02/2020,710.0,10/01/2020,05/02/2020,711.0,10/02/2020,05/02/2020,711.0,10/03/2020,07/03/2020,1195.0,10/04/2020,,,,,,,,,,,,,,,63,A,N24,2000.0,500.0,PROMITA
YS-N24/63-6300056/2020,05/02/2020,712.0,10/01/2020,05/02/2020,713.0,10/02/2020,05/02/2020,713.0,10/03/2020,07/03/2020,1194.0,10/04/2020,,,,,,,,,,,,,,,63,A,N24,2000.0,500.0,PROMITA
YS-N24/63-6300057/2020,06/02/2020,718.0,10/01/2020,06/02/2020,719.0,10/02/2020,06/02/2020,719.0,10/03/2020,06/03/2020,1148.0,10/04/2020,,,,,,,,,,,,,,,63,A,N24,2000.0,500.0,saheli
YS-N24/63-6300058/2020,07/02/2020,724.0,10/01/2020,07/02/2020,725.0,10/02/2020,07/02/2020,725.0,10/03/2020,11/03/2020,1281.0,10/04/2020,,,,,,,,,,,,,,,63,A,N24,2000.0,500.0,saheli
YS-N24/63-6100152/2020,08/02/2020,743.0,11/11/2019,08/02/2020,744.0,10/12/2019,08/02/2020,744.0,10/01/2020,08/02/2020,744.0,10/02/2020,08/02/2020,744.0,10/03/2020,08/02/2020,744.0,,,,,,,,,,63,A,N24,3000.0,500.0,saheli
YS-N24/63-6300059/2020,08/02/2020,759.0,10/01/2020,08/02/2020,760.0,10/02/2020,08/02/2020,760.0,10/03/2020,12/03/2020,1292.0,10/04/2020,,,,,,,,,,,,,,,63,A,N24,2000.0,500.0,saheli
YS-N24/63-6300060/2020,10/02/2020,776.0,10/01/2020,10/02/2020,777.0,10/02/2020,10/02/2020,777.0,10/03/2020,12/03/2020,1291.0,10/04/2020,,,,,,,,,,,,,,,63,A,N24,2000.0,500.0,saheli
YS-N24/63-5100108/2020,10/02/2020,782.0,11/11/2019,10/02/2020,783.0,10/12/2019,10/02/2020,783.0,10/01/2020,10/02/2020,783.0,10/02/2020,10/02/2020,783.0,10/03/2020,10/02/2020,783.0,,,,,,,,,,63,A,N24,3000.0,500.0,saheli
YS-N24/63-5900452/2020,10/02/2020,785.0,11/11/2019,10/02/2020,786.0,10/12/2019,10/02/2020,786.0,10/01/2020,20/02/2020,898.0,10/02/2020,20/02/2020,898.0,10/03/2020,20/02/2020,898.0,,,,,,,,,,63,A,N24,3000.0,500.0,PROMITA
YS-N24/63-6300061/2020,11/02/2020,802.0,10/01/2020,11/02/2020,803.0,10/02/2020,11/02/2020,803.0,10/03/2020,05/03/2020,1099.0,10/04/2020,,,,,,,,,,,,,,,63,A,N24,2000.0,500.0,PROMITA
YS-N24/63-6300062/2020,11/02/2020,805.0,10/01/2020,11/02/2020,807.0,10/02/2020,,,,,,,,,,,,,,,,,,,,,63,A,N24,1200.0,600.0,PROMITA
YS-N24/63-6300063/2020,11/02/2020,806.0,10/01/2020,11/02/2020,808.0,10/02/2020,,,,,,,,,,,,,,,,,,,,,63,A,N24,1200.0,600.0,PROMITA
YS-N24/63-6300064/2020,12/02/2020,837.0,10/01/2020,12/02/2020,838.0,10/02/2020,12/02/2020,838.0,10/03/2020,11/03/2020,1278.0,10/04/2020,,,,,,,,,,,,,,,63,A,N24,2000.0,500.0,saheli
YS-N24/63-6300065/2020,13/02/2020,844.0,10/01/2020,13/02/2020,845.0,10/02/2020,13/02/2020,845.0,10/03/2020,07/03/2020,1197.0,10/04/2020,,,,,,,,,,,,,,,63,A,N24,2000.0,500.0,PROMITA
YS-N24/63-6300066/2020,13/02/2020,846.0,10/01/2020,13/02/2020,847.0,10/02/2020,13/02/2020,847.0,10/03/2020,07/03/2020,1196.0,10/04/2020,,,,,,,,,,,,,,,63,A,N24,2000.0,500.0,PROMITA
YS-N24/63-6300067/2020,15/02/2020,871.0,10/01/2020,15/02/2020,872.0,10/02/2020,15/02/2020,872.0,10/03/2020,15/02/2020,872.0,10/04/2020,,,,,,,,,,,,,,,63,A,N24,2000.0,500.0,PROMITA
YS-N24/63-6300068/2020,15/02/2020,875.0,10/01/2020,15/02/2020,876.0,10/02/2020,15/02/2020,876.0,10/03/2020,15/02/2020,876.0,10/04/2020,,,,,,,,,,,,,,,63,A,N24,2000.0,500.0,PROMITA
YS-N24/63-6300069/2020,17/02/2020,882.0,10/01/2020,17/02/2020,883.0,10/02/2020,,,,,,,,,,,,,,,,,,,,,63,A,N24,1200.0,600.0,saheli
YS-N24/63-6300070/2020,18/02/2020,889.0,10/01/2020,18/02/2020,890.0,10/02/2020,18/02/2020,890.0,10/03/2020,18/02/2020,890.0,10/04/2020,,,,,,,,,,,,,,,63,A,N24,2000.0,500.0,PROMITA
YS-N24/63-6300071/2020,19/02/2020,892.0,10/01/2020,19/02/2020,893.0,10/02/2020,,,,,,,,,,,,,,,,,,,,,63,A,N24,1200.0,600.0,saheli
YS-N24/63-5900371/2020,20/02/2020,900.0,11/11/2019,20/02/2020,901.0,10/12/2019,20/02/2020,901.0,10/01/2020,27/01/2021,1487.0,10/02/2020,27/01/2021,1487.0,10/03/2020,27/01/2021,1487.0,,,,,,,,,,63,A,N24,3000.0,500.0,saheli
YS-N24/63-6300072/2020,21/02/2020,903.0,10/01/2020,21/02/2020,904.0,10/02/2020,,,,,,,,,,,,,,,,,,,,,63,A,N24,1200.0,600.0,PROMITA
YS-N24/63-6300073/2020,22/02/2020,906.0,10/01/2020,22/02/2020,907.0,10/02/2020,22/02/2020,907.0,10/03/2020,22/02/2020,907.0,10/04/2020,,,,,,,,,,,,,,,63,A,N24,2000.0,500.0,saheli
YS-N24/63-6300074/2020,22/02/2020,909.0,10/01/2020,22/02/2020,910.0,10/02/2020,22/02/2020,910.0,10/03/2020,22/02/2020,910.0,10/04/2020,,,,,,,,,,,,,,,63,A,N24,2000.0,500.0,saheli
YS-N24/63-6300075/2020,24/02/2020,913.0,10/01/2020,10/02/2021,1569.0,10/02/2020,10/03/2021,1671.0,10/03/2020,,,10/04/2020,,,,,,,,,,,,,,,63,B,N24,2000.0,500.0,saheli
YS-N24/63-6300076/2020,25/02/2020,915.0,10/01/2020,25/02/2020,916.0,10/02/2020,25/02/2020,916.0,10/03/2020,25/02/2020,916.0,10/04/2020,,,,,,,,,,,,,,,63,A,N24,2000.0,500.0,saheli
YS-N24/63-6300077/2020,26/02/2020,919.0,10/01/2020,,,10/02/2020,,,10/03/2020,,,10/04/2020,,,,,,,,,,,,,,,63,B,N24,2000.0,500.0,saheli
YS-N24/63-6300078/2020,26/02/2020,922.0,10/01/2020,13/02/2021,1596.0,10/02/2020,31/03/2021,1743.0,10/03/2020,,,10/04/2020,,,,,,,,,,,,,,,63,B,N24,2000.0,500.0,saheli
YS-N24/63-6300079/2020,26/02/2020,923.0,10/01/2020,,,10/02/2020,,,10/03/2020,,,10/04/2020,,,,,,,,,,,,,,,63,B,N24,2000.0,500.0,saheli
YS-N24/63-6300080/2020,26/02/2020,924.0,10/01/2020,17/02/2021,1601.0,10/02/2020,13/03/2021,1691.0,10/03/2020,,,10/04/2020,,,,,,,,,,,,,,,63,B,N24,2000.0,500.0,saheli
YS-N24/63-6300081/2020,26/02/2020,925.0,10/01/2020,,,10/02/2020,,,10/03/2020,,,10/04/2020,,,,,,,,,,,,,,,63,B,N24,2000.0,500.0,saheli
YS-N24/63-6300082/2020,26/02/2020,926.0,10/01/2020,,,10/02/2020,,,10/03/2020,,,10/04/2020,,,,,,,,,,,,,,,63,B,N24,2000.0,500.0,saheli
YS-N24/63-6300083/2020,26/02/2020,927.0,10/01/2020,11/02/2021,1593.0,10/02/2020,18/03/2021,1722.0,10/03/2020,,,10/04/2020,,,,,,,,,,,,,,,63,B,N24,2000.0,500.0,saheli
YS-N24/63-6300084/2020,26/02/2020,928.0,10/01/2020,11/02/2021,1594.0,10/02/2020,15/03/2021,1701.0,10/03/2020,,,10/04/2020,,,,,,,,,,,,,,,63,B,N24,2000.0,500.0,saheli
YS-N24/63-6300085/2020,26/02/2020,929.0,10/01/2020,04/02/2021,1540.0,10/02/2020,25/03/2021,1738.0,10/03/2020,,,10/04/2020,,,,,,,,,,,,,,,63,B,N24,2000.0,500.0,saheli
YS-N24/63-6300086/2020,26/02/2020,930.0,10/01/2020,08/02/2021,1560.0,10/02/2020,08/03/2021,1644.0,10/03/2020,,,10/04/2020,,,,,,,,,,,,,,,63,B,N24,2000.0,500.0,saheli
YS-N24/63-6300087/2020,26/02/2020,931.0,10/01/2020,26/02/2020,932.0,10/02/2020,26/02/2020,932.0,10/03/2020,,,10/04/2020,,,,,,,,,,,,,,,63,A,N24,2000.0,500.0,saheli
YS-N24/63-6300088/2020,27/02/2020,933.0,10/01/2020,,,10/02/2020,,,10/03/2020,,,10/04/2020,,,,,,,,,,,,,,,63,B,N24,2000.0,500.0,saheli
YS-N24/63-6300089/2020,27/02/2020,935.0,10/01/2020,,,10/02/2020,,,10/03/2020,,,10/04/2020,,,,,,,,,,,,,,,63,B,N24,2000.0,500.0,saheli
YS-N24/63-6300090/2020,27/02/2020,936.0,10/01/2020,,,10/02/2020,,,10/03/2020,,,10/04/2020,,,,,,,,,,,,,,,63,B,N24,2000.0,500.0,saheli
YS-N24/63-6300091/2020,27/02/2020,937.0,10/01/2020,04/02/2021,1539.0,10/02/2020,08/03/2021,1643.0,10/03/2020,,,10/04/2020,,,,,,,,,,,,,,,63,B,N24,2000.0,500.0,saheli
YS-N24/63-6300092/2020,27/02/2020,939.0,10/01/2020,,,10/02/2020,,,10/03/2020,,,10/04/2020,,,,,,,,,,,,,,,63,B,N24,2000.0,500.0,saheli
YS-N24/63-6300093/2020,28/02/2020,940.0,10/01/2020,,,10/02/2020,,,10/03/2020,,,10/04/2020,,,,,,,,,,,,,,,63,B,N24,2000.0,500.0,saheli
YS-N24/63-6300094/2020,28/02/2020,942.0,10/01/2020,10/11/2021,1774.0,10/02/2020,27/11/2021,1776.0,10/03/2020,,,10/04/2020,,,,,,,,,,,,,,,63,B,N24,2000.0,500.0,saikat dey
YS-N24/63-6300095/2020,28/02/2020,943.0,10/01/2020,,,10/02/2020,,,10/03/2020,,,10/04/2020,,,,,,,,,,,,,,,63,B,N24,2000.0,500.0,saheli
YS-N24/63-6300096/2020,28/02/2020,944.0,10/01/2020,28/02/2020,945.0,10/02/2020,28/02/2020,945.0,10/03/2020,,,10/04/2020,,,,,,,,,,,,,,,63,B,N24,2000.0,500.0,saheli
YS-N24/63-6300097/2020,28/02/2020,948.0,10/01/2020,,,10/02/2020,,,10/03/2020,,,10/04/2020,,,,,,,,,,,,,,,63,B,N24,2000.0,500.0,saheli
YS-N24/63-6300098/2020,28/02/2020,949.0,10/01/2020,,,10/02/2020,,,10/03/2020,,,10/04/2020,,,,,,,,,,,,,,,63,B,N24,2000.0,500.0,saheli
YS-N24/63-6300099/2020,28/02/2020,950.0,10/01/2020,20/02/2021,1610.0,10/02/2020,08/03/2021,1637.0,10/03/2020,,,10/04/2020,,,,,,,,,,,,,,,63,B,N24,2000.0,500.0,saheli
YS-N24/63-6300100/2020,28/02/2020,951.0,10/01/2020,28/02/2020,952.0,10/02/2020,28/02/2020,952.0,10/03/2020,,,10/04/2020,,,,,,,,,,,,,,,63,B,N24,2000.0,500.0,saheli
YS-N24/63-6300101/2020,28/02/2020,953.0,10/01/2020,06/02/2021,1543.0,10/02/2020,03/03/2021,1627.0,10/03/2020,,,10/04/2020,,,,,,,,,,,,,,,63,B,N24,2000.0,500.0,cic
YS-N24/63-6300102/2020,28/02/2020,954.0,10/01/2020,,,10/02/2020,,,10/03/2020,,,10/04/2020,,,,,,,,,,,,,,,63,B,N24,2000.0,500.0,saheli
YS-N24/63-6300103/2020,28/02/2020,955.0,10/01/2020,13/02/2021,1597.0,10/02/2020,,,10/03/2020,,,10/04/2020,,,,,,,,,,,,,,,63,B,N24,2000.0,500.0,saheli
YS-N24/63-6300104/2020,28/02/2020,956.0,10/01/2020,,,10/02/2020,,,10/03/2020,,,10/04/2020,,,,,,,,,,,,,,,63,B,N24,2000.0,500.0,saheli
YS-N24/63-6300105/2020,28/02/2020,957.0,10/01/2020,06/02/2021,1542.0,10/02/2020,10/03/2021,1662.0,10/03/2020,,,10/04/2020,,,,,,,,,,,,,,,63,B,N24,2000.0,500.0,saheli
YS-N24/63-6300106/2020,28/02/2020,960.0,10/01/2020,,,10/02/2020,,,10/03/2020,,,10/04/2020,,,,,,,,,,,,,,,63,B,N24,2000.0,500.0,saheli
YS-N24/63-6300107/2020,28/02/2020,961.0,10/01/2020,,,10/02/2020,,,10/03/2020,,,10/04/2020,,,,,,,,,,,,,,,63,B,N24,2000.0,500.0,saheli
YS-N24/63-6300108/2020,29/02/2020,963.0,10/01/2020,,,10/02/2020,,,10/03/2020,,,10/04/2020,,,,,,,,,,,,,,,63,B,N24,2000.0,500.0,saheli
YS-N24/63-6300109/2020,29/02/2020,964.0,10/01/2020,,,10/02/2020,,,10/03/2020,,,10/04/2020,,,,,,,,,,,,,,,63,B,N24,2000.0,500.0,saheli
YS-N24/63-6300110/2020,29/02/2020,965.0,10/01/2020,,,10/02/2020,,,10/03/2020,,,10/04/2020,,,,,,,,,,,,,,,63,B,N24,2000.0,500.0,saheli
YS-N24/63-6300111/2020,29/02/2020,966.0,10/01/2020,29/01/2021,1512.0,10/02/2020,20/02/2021,1609.0,10/03/2020,,,10/04/2020,,,,,,,,,,,,,,,63,B,N24,2000.0,500.0,saheli
YS-N24/63-6300112/2020,29/02/2020,967.0,10/01/2020,17/02/2021,1603.0,10/02/2020,10/03/2021,1675.0,10/03/2020,,,10/04/2020,,,,,,,,,,,,,,,63,B,N24,2000.0,500.0,saheli
YS-N24/63-6300113/2020,29/02/2020,968.0,10/01/2020,08/02/2021,1564.0,10/02/2020,27/03/2021,1741.0,10/03/2020,,,10/04/2020,,,,,,,,,,,,,,,63,B,N24,2000.0,500.0,saheli
YS-N24/63-6300114/2020,29/02/2020,969.0,10/01/2020,,,10/02/2020,,,10/03/2020,,,10/04/2020,,,,,,,,,,,,,,,63,B,N24,2000.0,500.0,saheli
YS-N24/63-6300115/2020,29/02/2020,971.0,10/01/2020,,,10/02/2020,,,10/03/2020,,,10/04/2020,,,,,,,,,,,,,,,63,B,N24,2000.0,500.0,saheli
YS-N24/63-6300116/2020,29/02/2020,972.0,10/01/2020,02/02/2021,1526.0,10/02/2020,08/03/2021,1652.0,10/03/2020,,,10/04/2020,,,,,,,,,,,,,,,63,B,N24,2000.0,500.0,saheli
YS-N24/63-6300117/2020,29/02/2020,973.0,10/01/2020,,,10/02/2020,,,10/03/2020,,,10/04/2020,,,,,,,,,,,,,,,63,B,N24,2000.0,500.0,saheli
YS-N24/63-6300118/2020,29/02/2020,974.0,10/01/2020,01/03/2021,1625.0,10/02/2020,01/03/2021,1625.0,10/03/2020,,,10/04/2020,,,,,,,,,,,,,,,63,B,N24,2000.0,500.0,saheli
YS-N24/63-6300119/2020,29/02/2020,976.0,10/01/2020,,,10/02/2020,,,10/03/2020,,,10/04/2020,,,,,,,,,,,,,,,63,B,N24,2000.0,500.0,saheli
YS-N24/63-6300120/2020,29/02/2020,977.0,10/01/2020,,,10/02/2020,,,10/03/2020,,,10/04/2020,,,,,,,,,,,,,,,63,B,N24,2000.0,500.0,saheli
YS-N24/63-6300121/2020,01/03/2020,978.0,10/01/2020,23/02/2021,1618.0,10/02/2020,17/03/2021,1710.0,10/03/2020,,,10/04/2020,,,,,,,,,,,,,,,63,B,N24,2000.0,500.0,saheli
YS-N24/63-6300122/2020,01/03/2020,979.0,10/01/2020,,,10/02/2020,,,10/03/2020,,,10/04/2020,,,,,,,,,,,,,,,63,B,N24,2000.0,500.0,saheli
YS-N24/63-6300123/2020,01/03/2020,980.0,10/01/2020,,,10/02/2020,,,10/03/2020,,,10/04/2020,,,,,,,,,,,,,,,63,B,N24,2000.0,500.0,saheli
YS-N24/63-6300124/2020,01/03/2020,981.0,10/01/2020,22/01/2021,1457.0,10/02/2020,19/02/2021,1606.0,10/03/2020,,,10/04/2020,,,,,,,,,,,,,,,63,B,N24,2000.0,500.0,saheli
YS-N24/63-6300125/2020,01/03/2020,982.0,10/01/2020,06/02/2021,1546.0,10/02/2020,16/03/2021,1705.0,10/03/2020,,,10/04/2020,,,,,,,,,,,,,,,63,B,N24,2000.0,500.0,saheli
YS-N24/63-6300126/2020,01/03/2020,983.0,10/01/2020,,,10/02/2020,,,10/03/2020,,,10/04/2020,,,,,,,,,,,,,,,63,B,N24,2000.0,500.0,saheli
YS-N24/63-6300127/2020,01/03/2020,984.0,10/01/2020,,,10/02/2020,,,10/03/2020,,,10/04/2020,,,,,,,,,,,,,,,63,B,N24,2000.0,500.0,saheli
YS-N24/63-6300128/2020,01/03/2020,985.0,10/01/2020,,,10/02/2020,,,10/03/2020,,,10/04/2020,,,,,,,,,,,,,,,63,B,N24,2000.0,500.0,saheli
YS-N24/63-6300129/2020,01/03/2020,986.0,10/01/2020,10/02/2021,1583.0,10/02/2020,17/03/2021,1715.0,10/03/2020,,,10/04/2020,,,,,,,,,,,,,,,63,B,N24,2000.0,500.0,saheli
YS-N24/63-6300130/2020,01/03/2020,987.0,10/01/2020,,,10/02/2020,,,10/03/2020,,,10/04/2020,,,,,,,,,,,,,,,63,B,N24,2000.0,500.0,saheli
YS-N24/63-6300131/2020,01/03/2020,988.0,10/01/2020,04/02/2021,1534.0,10/02/2020,20/03/2021,1726.0,10/03/2020,,,10/04/2020,,,,,,,,,,,,,,,63,B,N24,2000.0,500.0,saheli
YS-N24/63-6300132/2020,01/03/2020,989.0,10/01/2020,10/02/2021,1584.0,10/02/2020,27/03/2021,1742.0,10/03/2020,,,10/04/2020,,,,,,,,,,,,,,,63,B,N24,2000.0,500.0,saheli
YS-N24/63-6300133/2020,01/03/2020,990.0,10/01/2020,,,10/02/2020,,,10/03/2020,,,10/04/2020,,,,,,,,,,,,,,,63,B,N24,2000.0,500.0,saheli
YS-N24/63-6300134/2020,02/03/2020,991.0,10/01/2020,02/02/2021,1525.0,10/02/2020,09/03/2021,1653.0,10/03/2020,,,10/04/2020,,,,,,,,,,,,,,,63,B,N24,2000.0,500.0,saheli
YS-N24/63-6300135/2020,02/03/2020,992.0,10/01/2020,,,10/02/2020,,,10/03/2020,,,10/04/2020,,,,,,,,,,,,,,,63,B,N24,2000.0,500.0,saheli
YS-N24/63-6300136/2020,02/03/2020,993.0,10/01/2020,,,10/02/2020,,,10/03/2020,,,10/04/2020,,,,,,,,,,,,,,,63,B,N24,2000.0,500.0,saheli
YS-N24/63-6300137/2020,02/03/2020,994.0,10/01/2020,,,10/02/2020,,,10/03/2020,,,10/04/2020,,,,,,,,,,,,,,,63,B,N24,2000.0,500.0,saheli
YS-N24/63-6300138/2020,02/03/2020,995.0,10/01/2020,03/02/2021,1533.0,10/02/2020,11/03/2021,1677.0,10/03/2020,,,10/04/2020,,,,,,,,,,,,,,,63,B,N24,2000.0,500.0,saheli
YS-N24/63-6300139/2020,02/03/2020,996.0,10/01/2020,,,10/02/2020,,,10/03/2020,,,10/04/2020,,,,,,,,,,,,,,,63,B,N24,2000.0,500.0,saheli
YS-N24/63-6300140/2020,02/03/2020,998.0,10/01/2020,,,10/02/2020,,,10/03/2020,,,10/04/2020,,,,,,,,,,,,,,,63,B,N24,2000.0,500.0,saheli
YS-N24/63-6300141/2020,02/03/2020,1001.0,10/01/2020,,,10/02/2020,,,10/03/2020,,,10/04/2020,,,,,,,,,,,,,,,63,B,N24,2000.0,500.0,saheli
YS-N24/63-6300142/2020,02/03/2020,1003.0,10/01/2020,,,10/02/2020,,,10/03/2020,,,10/04/2020,,,,,,,,,,,,,,,63,B,N24,2000.0,500.0,saheli
YS-N24/63-6300143/2020,02/03/2020,1005.0,10/01/2020,,,10/02/2020,,,10/03/2020,,,10/04/2020,,,,,,,,,,,,,,,63,B,N24,2000.0,500.0,saheli
YS-N24/63-6300144/2020,02/03/2020,1006.0,10/01/2020,,,10/02/2020,,,10/03/2020,,,10/04/2020,,,,,,,,,,,,,,,63,B,N24,2000.0,500.0,saheli
YS-N24/63-6300145/2020,02/03/2020,1008.0,10/01/2020,,,10/02/2020,,,10/03/2020,,,10/04/2020,,,,,,,,,,,,,,,63,B,N24,2000.0,500.0,saheli
YS-N24/63-6300146/2020,02/03/2020,1009.0,10/01/2020,,,10/02/2020,,,10/03/2020,,,10/04/2020,,,,,,,,,,,,,,,63,B,N24,2000.0,500.0,saheli
YS-N24/63-6300147/2020,02/03/2020,1010.0,10/01/2020,17/03/2021,1713.0,10/02/2020,17/03/2021,1713.0,10/03/2020,,,10/04/2020,,,,,,,,,,,,,,,63,B,N24,2000.0,500.0,saheli
YS-N24/63-6300148/2020,02/03/2020,1011.0,10/01/2020,06/02/2021,1550.0,10/02/2020,17/03/2021,1714.0,10/03/2020,,,10/04/2020,,,,,,,,,,,,,,,63,B,N24,2000.0,500.0,saheli
YS-N24/63-6300149/2020,02/03/2020,1012.0,10/01/2020,06/02/2021,1549.0,10/02/2020,24/03/2021,1732.0,10/03/2020,,,10/04/2020,,,,,,,,,,,,,,,63,B,N24,2000.0,500.0,saheli
YS-N24/63-6300150/2020,02/03/2020,1013.0,10/01/2020,03/02/2021,1528.0,10/02/2020,10/03/2021,1663.0,10/03/2020,,,10/04/2020,,,,,,,,,,,,,,,63,B,N24,2000.0,500.0,saheli
YS-N24/63-6300151/2020,02/03/2020,1014.0,10/01/2020,10/02/2021,1571.0,10/02/2020,06/03/2021,1633.0,10/03/2020,,,10/04/2020,,,,,,,,,,,,,,,63,B,N24,2000.0,500.0,saheli
YS-N24/63-6300152/2020,02/03/2020,1015.0,10/01/2020,,,10/02/2020,,,10/03/2020,,,10/04/2020,,,,,,,,,,,,,,,63,B,N24,2000.0,500.0,saheli
YS-N24/63-6300153/2020,02/03/2020,1016.0,10/01/2020,,,10/02/2020,,,10/03/2020,,,10/04/2020,,,,,,,,,,,,,,,63,B,N24,2000.0,500.0,saheli
YS-N24/63-6300154/2020,02/03/2020,1018.0,10/01/2020,,,10/02/2020,,,10/03/2020,,,10/04/2020,,,,,,,,,,,,,,,63,B,N24,2000.0,500.0,saheli
YS-N24/63-6300155/2020,02/03/2020,1019.0,10/01/2020,08/02/2021,1563.0,10/02/2020,04/03/2021,1631.0,10/03/2020,,,10/04/2020,,,,,,,,,,,,,,,63,B,N24,2000.0,500.0,saheli
YS-N24/63-6300156/2020,02/03/2020,1020.0,10/01/2020,,,10/02/2020,,,10/03/2020,,,10/04/2020,,,,,,,,,,,,,,,63,B,N24,2000.0,500.0,saheli
YS-N24/63-6300157/2020,02/03/2020,1021.0,10/01/2020,03/02/2021,1532.0,10/02/2020,03/03/2021,1628.0,10/03/2020,,,10/04/2020,,,,,,,,,,,,,,,63,B,N24,2000.0,500.0,cic
YS-N24/63-6300158/2020,02/03/2020,1022.0,10/01/2020,06/02/2021,1552.0,10/02/2020,06/03/2021,1636.0,10/03/2020,,,10/04/2020,,,,,,,,,,,,,,,63,B,N24,2000.0,500.0,saheli
YS-N24/63-6300159/2020,02/03/2020,1023.0,10/01/2020,,,10/02/2020,,,10/03/2020,,,10/04/2020,,,,,,,,,,,,,,,63,B,N24,2000.0,500.0,saheli
YS-N24/63-6300160/2020,02/03/2020,1026.0,10/01/2020,03/02/2021,1530.0,10/02/2020,10/03/2021,1670.0,10/03/2020,,,10/04/2020,,,,,,,,,,,,,,,63,B,N24,2000.0,500.0,saheli
YS-N24/63-6300161/2020,02/03/2020,1027.0,10/01/2020,30/01/2021,1516.0,10/02/2020,10/03/2021,1672.0,10/03/2020,,,10/04/2020,,,,,,,,,,,,,,,63,B,N24,2000.0,500.0,saheli
YS-N24/63-6300162/2020,02/03/2020,1028.0,10/01/2020,27/01/2021,1486.0,10/02/2020,10/03/2021,1669.0,10/03/2020,,,10/04/2020,,,,,,,,,,,,,,,63,B,N24,2000.0,500.0,saheli
YS-N24/63-6300163/2020,02/03/2020,1029.0,10/01/2020,06/02/2021,1551.0,10/02/2020,17/03/2021,1716.0,10/03/2020,,,10/04/2020,,,,,,,,,,,,,,,63,B,N24,2000.0,500.0,saheli
YS-N24/63-6300164/2020,02/03/2020,1030.0,10/01/2020,03/02/2021,1531.0,10/02/2020,17/03/2021,1717.0,10/03/2020,,,10/04/2020,,,,,,,,,,,,,,,63,B,N24,2000.0,500.0,saheli
YS-N24/63-6300165/2020,02/03/2020,1031.0,10/01/2020,,,10/02/2020,,,10/03/2020,,,10/04/2020,,,,,,,,,,,,,,,63,B,N24,2000.0,500.0,saheli
YS-N24/63-6300166/2020,02/03/2020,1032.0,10/01/2020,08/02/2021,1557.0,10/02/2020,08/03/2021,1645.0,10/03/2020,,,10/04/2020,,,,,,,,,,,,,,,63,B,N24,2000.0,500.0,saheli
YS-N24/63-6300167/2020,02/03/2020,1033.0,10/01/2020,,,10/02/2020,,,10/03/2020,,,10/04/2020,,,,,,,,,,,,,,,63,B,N24,2000.0,500.0,saheli
YS-N24/63-6300181/2020,03/03/2020,1057.0,10/01/2020,11/03/2021,1682.0,10/02/2020,05/04/2021,1754.0,10/03/2020,,,10/04/2020,,,,,,,,,,,,,,,63,B,N24,2000.0,500.0,saheli
YS-N24/63-6300182/2020,03/03/2020,1058.0,10/01/2020,15/03/2021,1700.0,10/02/2020,05/04/2021,1755.0,10/03/2020,,,10/04/2020,,,,,,,,,,,,,,,63,B,N24,2000.0,500.0,saheli
YS-N24/63-6300183/2020,03/03/2020,1059.0,10/01/2020,,,10/02/2020,,,10/03/2020,,,10/04/2020,,,,,,,,,,,,,,,63,B,N24,2000.0,500.0,saheli
YS-N24/63-6300184/2020,03/03/2020,1060.0,10/01/2020,,,10/02/2020,,,10/03/2020,,,10/04/2020,,,,,,,,,,,,,,,63,B,N24,2000.0,500.0,saheli
YS-N24/63-6300185/2020,03/03/2020,1061.0,10/01/2020,,,10/02/2020,,,10/03/2020,,,10/04/2020,,,,,,,,,,,,,,,63,B,N24,2000.0,500.0,saheli
YS-N24/63-6300186/2020,03/03/2020,1062.0,10/01/2020,10/02/2021,1581.0,10/02/2020,13/03/2021,1693.0,10/03/2020,,,10/04/2020,,,,,,,,,,,,,,,63,B,N24,2000.0,500.0,saheli
YS-N24/63-6300187/2020,03/03/2020,1063.0,10/01/2020,22/02/2021,1616.0,10/02/2020,01/04/2021,1749.0,10/03/2020,,,10/04/2020,,,,,,,,,,,,,,,63,B,N24,2000.0,500.0,saheli
YS-N24/63-6300188/2020,03/03/2020,1064.0,10/01/2020,01/03/2021,1624.0,10/02/2020,01/04/2021,1751.0,10/03/2020,,,10/04/2020,,,,,,,,,,,,,,,63,B,N24,2000.0,500.0,saheli
YS-N24/63-6300189/2020,03/03/2020,1065.0,10/01/2020,15/02/2021,1600.0,10/02/2020,01/04/2021,1750.0,10/03/2020,,,10/04/2020,,,,,,,,,,,,,,,63,B,N24,2000.0,500.0,saheli
YS-N24/63-6300190/2020,03/03/2020,1066.0,10/01/2020,22/02/2021,1617.0,10/02/2020,06/04/2021,1760.0,10/03/2020,,,10/04/2020,,,,,,,,,,,,,,,63,B,N24,2000.0,500.0,saheli
YS-N24/63-6300191/2020,04/03/2020,1077.0,10/01/2020,,,10/02/2020,,,10/03/2020,,,10/04/2020,,,,,,,,,,,,,,,63,B,N24,2000.0,500.0,PROMITA
YS-N24/63-6300192/2020,04/03/2020,1078.0,10/01/2020,16/04/2021,1771.0,10/02/2020,16/04/2021,1771.0,10/03/2020,,,10/04/2020,,,,,,,,,,,,,,,63,B,N24,2000.0,500.0,saheli
YS-N24/63-6300193/2020,04/03/2020,1079.0,10/01/2020,,,10/02/2020,,,10/03/2020,,,10/04/2020,,,,,,,,,,,,,,,63,B,N24,2000.0,500.0,PROMITA
YS-N24/63-6300194/2020,04/03/2020,1080.0,10/01/2020,,,10/02/2020,,,10/03/2020,,,10/04/2020,,,,,,,,,,,,,,,63,B,N24,2000.0,500.0,PROMITA
YS-N24/63-6300195/2020,04/03/2020,1083.0,10/01/2020,17/03/2021,1718.0,10/02/2020,17/03/2021,1718.0,10/03/2020,,,10/04/2020,,,,,,,,,,,,,,,63,B,N24,2000.0,500.0,saheli
YS-N24/63-6300196/2020,04/03/2020,1084.0,10/01/2020,19/02/2021,1605.0,10/02/2020,23/03/2021,1729.0,10/03/2020,,,10/04/2020,,,,,,,,,,,,,,,63,B,N24,2000.0,500.0,saheli
YS-N24/63-6300197/2020,04/03/2020,1085.0,10/01/2020,23/02/2021,1619.0,10/02/2020,16/03/2021,1706.0,10/03/2020,,,10/04/2020,,,,,,,,,,,,,,,63,B,N24,2000.0,500.0,saheli
YS-N24/63-6300198/2020,04/03/2020,1087.0,10/01/2020,06/04/2021,1758.0,10/02/2020,07/04/2021,1761.0,10/03/2020,,,10/04/2020,,,,,,,,,,,,,,,63,B,N24,2000.0,500.0,saheli
YS-N24/63-6300199/2020,04/03/2020,1088.0,10/01/2020,16/04/2021,1772.0,10/02/2020,16/04/2021,1772.0,10/03/2020,,,10/04/2020,,,,,,,,,,,,,,,63,B,N24,2000.0,500.0,saheli
YS-N24/63-6300200/2020,04/03/2020,1095.0,10/01/2020,08/04/2021,1765.0,10/02/2020,08/04/2021,1765.0,10/03/2020,,,10/04/2020,,,,,,,,,,,,,,,63,B,N24,2000.0,500.0,saheli
YS-N24/63-6300201/2020,04/03/2020,1096.0,10/01/2020,21/02/2022,1777.0,10/02/2020,21/02/2022,1777.0,10/03/2020,,,10/04/2020,,,,,,,,,,,,,,,63,B,N24,2000.0,500.0,saikat dey
YS-N24/63-6300202/2020,05/03/2020,1100.0,10/01/2020,09/02/2021,1567.0,10/02/2020,09/03/2021,1654.0,10/03/2020,,,10/04/2020,,,,,,,,,,,,,,,63,B,N24,2000.0,500.0,saheli
YS-N24/63-6300203/2020,05/03/2020,1101.0,10/01/2020,02/02/2021,1523.0,10/02/2020,09/03/2021,1657.0,10/03/2020,,,10/04/2020,,,,,,,,,,,,,,,63,B,N24,2000.0,500.0,saheli
YS-N24/63-6300204/2020,05/03/2020,1105.0,10/01/2020,,,10/02/2020,,,10/03/2020,,,10/04/2020,,,,,,,,,,,,,,,63,B,N24,2000.0,500.0,PROMITA
YS-N24/63-6300205/2020,05/03/2020,1108.0,10/01/2020,04/03/2021,1629.0,10/02/2020,03/04/2021,1752.0,10/03/2020,,,10/04/2020,,,,,,,,,,,,,,,63,B,N24,2000.0,500.0,saheli
YS-N24/63-6300206/2020,05/03/2020,1113.0,10/01/2020,,,10/02/2020,,,10/03/2020,,,10/04/2020,,,,,,,,,,,,,,,63,B,N24,2000.0,500.0,PROMITA
YS-N24/63-6300207/2020,05/03/2020,1114.0,10/01/2020,09/02/2021,1568.0,10/02/2020,09/03/2021,1655.0,10/03/2020,,,10/04/2020,,,,,,,,,,,,,,,63,B,N24,2000.0,500.0,saheli
YS-N24/63-6300208/2020,05/03/2020,1115.0,10/01/2020,,,10/02/2020,,,10/03/2020,,,10/04/2020,,,,,,,,,,,,,,,63,B,N24,2000.0,500.0,saheli
YS-N24/63-6300209/2020,05/03/2020,1116.0,10/01/2020,,,10/02/2020,,,10/03/2020,,,10/04/2020,,,,,,,,,,,,,,,63,B,N24,2000.0,500.0,saheli
YS-N24/63-6300210/2020,05/03/2020,1117.0,10/01/2020,,,10/02/2020,,,10/03/2020,,,10/04/2020,,,,,,,,,,,,,,,63,B,N24,2000.0,500.0,saheli
YS-N24/63-6300211/2020,05/03/2020,1121.0,10/01/2020,,,10/02/2020,,,10/03/2020,,,10/04/2020,,,,,,,,,,,,,,,63,B,N24,2000.0,500.0,saheli
YS-N24/63-6300212/2020,05/03/2020,1122.0,10/01/2020,,,10/02/2020,,,10/03/2020,,,10/04/2020,,,,,,,,,,,,,,,63,B,N24,2000.0,500.0,saheli
YS-N24/63-6300213/2020,05/03/2020,1124.0,10/01/2020,,,10/02/2020,,,10/03/2020,,,10/04/2020,,,,,,,,,,,,,,,63,B,N24,2000.0,500.0,saheli
YS-N24/63-6300214/2020,05/03/2020,1126.0,10/01/2020,,,10/02/2020,,,10/03/2020,,,10/04/2020,,,,,,,,,,,,,,,63,B,N24,2000.0,500.0,saheli
YS-N24/63-6300215/2020,05/03/2020,1127.0,10/01/2020,,,10/02/2020,,,10/03/2020,,,10/04/2020,,,,,,,,,,,,,,,63,B,N24,2000.0,500.0,saheli
YS-N24/63-6300216/2020,06/03/2020,1128.0,10/01/2020,,,10/02/2020,,,10/03/2020,,,10/04/2020,,,,,,,,,,,,,,,63,B,N24,2000.0,500.0,saheli
YS-N24/63-6300217/2020,06/03/2020,1129.0,10/01/2020,,,10/02/2020,,,10/03/2020,,,10/04/2020,,,,,,,,,,,,,,,63,B,N24,2000.0,500.0,saheli
YS-N24/63-6300218/2020,06/03/2020,1130.0,10/01/2020,,,10/02/2020,,,10/03/2020,,,10/04/2020,,,,,,,,,,,,,,,63,B,N24,2000.0,500.0,saheli
YS-N24/63-6300219/2020,06/03/2020,1131.0,10/01/2020,28/01/2021,1504.0,10/02/2020,07/04/2021,1763.0,10/03/2020,,,10/04/2020,,,,,,,,,,,,,,,63,B,N24,2000.0,500.0,saheli
YS-N24/63-6300220/2020,06/03/2020,1132.0,10/01/2020,04/02/2021,1535.0,10/02/2020,11/03/2021,1676.0,10/03/2020,,,10/04/2020,,,,,,,,,,,,,,,63,B,N24,2000.0,500.0,saheli
YS-N24/63-6300221/2020,06/03/2020,1133.0,10/01/2020,,,10/02/2020,,,10/03/2020,,,10/04/2020,,,,,,,,,,,,,,,63,B,N24,2000.0,500.0,saheli
YS-N24/63-6300222/2020,06/03/2020,1137.0,10/01/2020,,,10/02/2020,,,10/03/2020,,,10/04/2020,,,,,,,,,,,,,,,63,B,N24,2000.0,500.0,PROMITA
YS-N24/63-6300223/2020,06/03/2020,1138.0,10/01/2020,,,10/02/2020,,,10/03/2020,,,10/04/2020,,,,,,,,,,,,,,,63,B,N24,2000.0,500.0,PROMITA
YS-N24/63-6300224/2020,06/03/2020,1139.0,10/01/2020,,,10/02/2020,,,10/03/2020,,,10/04/2020,,,,,,,,,,,,,,,63,B,N24,2000.0,500.0,PROMITA
YS-N24/63-6300225/2020,06/03/2020,1140.0,10/01/2020,04/02/2021,1536.0,10/02/2020,,,10/03/2020,,,10/04/2020,,,,,,,,,,,,,,,63,B,N24,2000.0,500.0,saheli
YS-N24/63-6300226/2020,06/03/2020,1141.0,10/01/2020,10/02/2021,1580.0,10/02/2020,17/03/2021,1712.0,10/03/2020,,,10/04/2020,,,,,,,,,,,,,,,63,B,N24,2000.0,500.0,saheli
YS-N24/63-6300227/2020,06/03/2020,1142.0,10/01/2020,04/02/2021,1541.0,10/02/2020,11/03/2021,1684.0,10/03/2020,,,10/04/2020,,,,,,,,,,,,,,,63,B,N24,2000.0,500.0,saheli
YS-N24/63-6300228/2020,06/03/2020,1143.0,10/01/2020,,,10/02/2020,,,10/03/2020,,,10/04/2020,,,,,,,,,,,,,,,63,B,N24,2000.0,500.0,PROMITA
YS-N24/63-6300229/2020,06/03/2020,1144.0,10/01/2020,04/02/2021,1538.0,10/02/2020,08/03/2021,1646.0,10/03/2020,,,10/04/2020,,,,,,,,,,,,,,,63,B,N24,2000.0,500.0,saheli
YS-N24/63-6300230/2020,06/03/2020,1145.0,10/01/2020,01/02/2021,1519.0,10/02/2020,15/03/2021,1698.0,10/03/2020,,,10/04/2020,,,,,,,,,,,,,,,63,B,N24,2000.0,500.0,saheli
YS-N24/63-6300231/2020,06/03/2020,1146.0,10/01/2020,28/01/2021,1508.0,10/02/2020,18/03/2021,1721.0,10/03/2020,,,10/04/2020,,,,,,,,,,,,,,,63,B,N24,2000.0,500.0,saheli
YS-N24/63-6300232/2020,06/03/2020,1147.0,10/01/2020,24/08/2021,1773.0,10/02/2020,24/08/2021,1773.0,10/03/2020,,,10/04/2020,,,,,,,,,,,,,,,63,B,N24,2000.0,500.0,cic
YS-N24/63-6300233/2020,06/03/2020,1155.0,10/01/2020,08/02/2021,1559.0,10/02/2020,08/03/2021,1647.0,10/03/2020,,,10/04/2020,,,,,,,,,,,,,,,63,B,N24,2000.0,500.0,saheli
YS-N24/63-6300234/2020,06/03/2020,1158.0,10/01/2020,02/02/2021,1522.0,10/02/2020,12/03/2021,1688.0,10/03/2020,,,10/04/2020,,,,,,,,,,,,,,,63,B,N24,2000.0,500.0,saheli
YS-N24/63-6300235/2020,07/03/2020,1162.0,10/01/2020,07/03/2020,1163.0,10/02/2020,,,,,,,,,,,,,,,,,,,,,63,A,N24,1200.0,600.0,saheli
YS-N24/63-6300236/2020,07/03/2020,1165.0,10/01/2020,,,10/02/2020,,,10/03/2020,,,10/04/2020,,,,,,,,,,,,,,,63,B,N24,2000.0,500.0,saheli
YS-N24/63-6300237/2020,07/03/2020,1166.0,10/01/2020,,,10/02/2020,,,10/03/2020,,,10/04/2020,,,,,,,,,,,,,,,63,B,N24,2000.0,500.0,saheli
YS-N24/63-6300238/2020,07/03/2020,1168.0,10/01/2020,,,10/02/2020,,,10/03/2020,,,10/04/2020,,,,,,,,,,,,,,,63,B,N24,2000.0,500.0,saheli
YS-N24/63-6300239/2020,07/03/2020,1169.0,10/01/2020,12/02/2021,1595.0,10/02/2020,12/03/2021,1689.0,10/03/2020,,,10/04/2020,,,,,,,,,,,,,,,63,B,N24,2000.0,500.0,saheli
YS-N24/63-6300240/2020,07/03/2020,1170.0,10/01/2020,01/04/2021,1746.0,10/02/2020,01/04/2021,1746.0,10/03/2020,,,10/04/2020,,,,,,,,,,,,,,,63,B,N24,2000.0,500.0,saheli
YS-N24/63-6300241/2020,07/03/2020,1172.0,10/01/2020,11/02/2021,1587.0,10/02/2020,15/03/2021,1694.0,10/03/2020,,,10/04/2020,,,,,,,,,,,,,,,63,B,N24,2000.0,500.0,saheli
YS-N24/63-6300242/2020,07/03/2020,1173.0,10/01/2020,08/02/2021,1553.0,10/02/2020,,,10/03/2020,,,10/04/2020,,,,,,,,,,,,,,,63,B,N24,2000.0,500.0,saheli
YS-N24/63-6300243/2020,07/03/2020,1176.0,10/01/2020,18/02/2021,1604.0,10/02/2020,,,10/03/2020,,,10/04/2020,,,,,,,,,,,,,,,63,B,N24,2000.0,500.0,saheli
YS-N24/63-6300244/2020,07/03/2020,1180.0,10/01/2020,10/02/2021,1582.0,10/02/2020,05/04/2021,1756.0,10/03/2020,,,10/04/2020,,,,,,,,,,,,,,,63,B,N24,2000.0,500.0,saheli
YS-N24/63-6300245/2020,07/03/2020,1181.0,10/01/2020,,,10/02/2020,,,10/03/2020,,,10/04/2020,,,,,,,,,,,,,,,63,B,N24,2000.0,500.0,saheli
YS-N24/63-6300246/2020,07/03/2020,1182.0,10/01/2020,,,10/02/2020,,,10/03/2020,,,10/04/2020,,,,,,,,,,,,,,,63,B,N24,2000.0,500.0,saheli
YS-N24/63-6300247/2020,07/03/2020,1183.0,10/01/2020,,,10/02/2020,,,10/03/2020,,,10/04/2020,,,,,,,,,,,,,,,63,B,N24,2000.0,500.0,saheli
YS-N24/63-6300248/2020,07/03/2020,1184.0,10/01/2020,10/02/2021,1576.0,10/02/2020,13/04/2021,1769.0,10/03/2020,,,10/04/2020,,,,,,,,,,,,,,,63,B,N24,2000.0,500.0,saheli
YS-N24/63-6300249/2020,07/03/2020,1185.0,10/01/2020,27/02/2021,1623.0,10/02/2020,17/03/2021,1708.0,10/03/2020,,,10/04/2020,,,,,,,,,,,,,,,63,B,N24,2000.0,500.0,saheli
YS-N24/63-6300250/2020,07/03/2020,1186.0,10/01/2020,,,10/02/2020,,,10/03/2020,,,10/04/2020,,,,,,,,,,,,,,,63,B,N24,2000.0,500.0,saheli
YS-N24/63-6300251/2020,07/03/2020,1199.0,10/01/2020,07/03/2020,1200.0,10/02/2020,07/03/2020,1200.0,10/03/2020,07/03/2020,1200.0,10/04/2020,,,,,,,,,,,,,,,63,A,N24,2000.0,500.0,PROMITA
YS-N24/63-6300252/2020,07/03/2020,1201.0,10/01/2020,09/02/2021,1566.0,10/02/2020,19/03/2021,1723.0,10/03/2020,,,10/04/2020,,,,,,,,,,,,,,,63,B,N24,2000.0,500.0,saheli
YS-N24/63-6300253/2020,08/03/2020,1204.0,10/01/2020,13/04/2021,1770.0,10/02/2020,13/04/2021,1770.0,10/03/2020,,,10/04/2020,,,,,,,,,,,,,,,63,B,N24,2000.0,500.0,saheli
YS-N24/63-6300254/2020,08/03/2020,1205.0,10/01/2020,,,10/02/2020,,,10/03/2020,,,10/04/2020,,,,,,,,,,,,,,,63,B,N24,2000.0,500.0,PROMITA
YS-N24/63-6300255/2020,08/03/2020,1206.0,10/01/2020,02/02/2021,1527.0,10/02/2020,08/03/2021,1638.0,10/03/2020,,,10/04/2020,,,,,,,,,,,,,,,63,B,N24,2000.0,500.0,saheli
YS-N24/63-6300256/2020,08/03/2020,1207.0,10/01/2020,,,10/02/2020,,,10/03/2020,,,10/04/2020,,,,,,,,,,,,,,,63,B,N24,2000.0,500.0,PROMITA
YS-N24/63-6300257/2020,08/03/2020,1208.0,10/01/2020,,,10/02/2020,,,10/03/2020,,,10/04/2020,,,,,,,,,,,,,,,63,B,N24,2000.0,500.0,saheli
YS-N24/63-6300258/2020,08/03/2020,1209.0,10/01/2020,,,10/02/2020,,,10/03/2020,,,10/04/2020,,,,,,,,,,,,,,,63,B,N24,2000.0,500.0,saheli
YS-N24/63-6300259/2020,08/03/2020,1210.0,10/01/2020,11/02/2021,1588.0,10/02/2020,22/03/2021,1727.0,10/03/2020,,,10/04/2020,,,,,,,,,,,,,,,63,B,N24,2000.0,500.0,saheli
YS-N24/63-6300260/2020,10/03/2020,1211.0,10/01/2020,,,10/02/2020,,,10/03/2020,,,10/04/2020,,,,,,,,,,,,,,,63,B,N24,2000.0,500.0,saheli
YS-N24/63-6300261/2020,10/03/2020,1212.0,10/01/2020,,,10/02/2020,,,10/03/2020,,,10/04/2020,,,,,,,,,,,,,,,63,B,N24,2000.0,500.0,saheli
YS-N24/63-6300262/2020,10/03/2020,1213.0,10/01/2020,10/02/2021,1586.0,10/02/2020,15/03/2021,1695.0,10/03/2020,,,10/04/2020,,,,,,,,,,,,,,,63,B,N24,2000.0,500.0,saheli
YS-N24/63-6300263/2020,10/03/2020,1214.0,10/01/2020,,,10/02/2020,,,10/03/2020,,,10/04/2020,,,,,,,,,,,,,,,63,B,N24,2000.0,500.0,saheli
YS-N24/63-6300264/2020,10/03/2020,1215.0,10/01/2020,10/02/2021,1585.0,10/02/2020,24/03/2021,1735.0,10/03/2020,,,10/04/2020,,,,,,,,,,,,,,,63,B,N24,2000.0,500.0,saheli
YS-N24/63-6300265/2020,10/03/2020,1216.0,10/01/2020,,,10/02/2020,,,10/03/2020,,,10/04/2020,,,,,,,,,,,,,,,63,B,N24,2000.0,500.0,saheli
YS-N24/63-6300266/2020,10/03/2020,1217.0,10/01/2020,,,10/02/2020,,,10/03/2020,,,10/04/2020,,,,,,,,,,,,,,,63,B,N24,2000.0,500.0,saheli
YS-N24/63-6300168/2020,02/03/2020,1035.0,10/01/2020,,,10/02/2020,,,10/03/2020,,,10/04/2020,,,,,,,,,,,,,,,63,B,N24,2000.0,500.0,saheli
YS-N24/63-6300169/2020,02/03/2020,1036.0,10/01/2020,20/02/2021,1614.0,10/02/2020,24/03/2021,1733.0,10/03/2020,,,10/04/2020,,,,,,,,,,,,,,,63,B,N24,2000.0,500.0,saheli
YS-N24/63-6300170/2020,03/03/2020,1042.0,10/01/2020,11/02/2021,1591.0,10/02/2020,08/03/2021,1651.0,10/03/2020,,,10/04/2020,,,,,,,,,,,,,,,63,B,N24,2000.0,500.0,saheli
YS-N24/63-6300171/2020,03/03/2020,1043.0,10/01/2020,,,10/02/2020,,,10/03/2020,,,10/04/2020,,,,,,,,,,,,,,,63,B,N24,2000.0,500.0,saheli
YS-N24/63-6300172/2020,03/03/2020,1046.0,10/01/2020,,,10/02/2020,,,10/03/2020,,,10/04/2020,,,,,,,,,,,,,,,63,B,N24,2000.0,500.0,saheli
YS-N24/63-6300173/2020,03/03/2020,1047.0,10/01/2020,,,10/02/2020,,,10/03/2020,,,10/04/2020,,,,,,,,,,,,,,,63,B,N24,2000.0,500.0,saheli
YS-N24/63-6300174/2020,03/03/2020,1048.0,10/01/2020,,,10/02/2020,,,10/03/2020,,,10/04/2020,,,,,,,,,,,,,,,63,B,N24,2000.0,500.0,saheli
YS-N24/63-6300175/2020,03/03/2020,1051.0,10/01/2020,03/02/2021,1529.0,10/02/2020,24/03/2021,1731.0,10/03/2020,,,10/04/2020,,,,,,,,,,,,,,,63,B,N24,2000.0,500.0,saheli
YS-N24/63-6300176/2020,03/03/2020,1052.0,10/01/2020,11/03/2021,1680.0,10/02/2020,06/04/2021,1759.0,10/03/2020,,,10/04/2020,,,,,,,,,,,,,,,63,B,N24,2000.0,500.0,saheli
YS-N24/63-6300177/2020,03/03/2020,1053.0,10/01/2020,11/03/2021,1681.0,10/02/2020,01/04/2021,1747.0,10/03/2020,,,10/04/2020,,,,,,,,,,,,,,,63,B,N24,2000.0,500.0,saheli
YS-N24/63-6300178/2020,03/03/2020,1054.0,10/01/2020,,,10/02/2020,,,10/03/2020,,,10/04/2020,,,,,,,,,,,,,,,63,B,N24,2000.0,500.0,saheli
YS-N24/63-6300179/2020,03/03/2020,1055.0,10/01/2020,04/02/2021,1537.0,10/02/2020,08/03/2021,1641.0,10/03/2020,,,10/04/2020,,,,,,,,,,,,,,,63,B,N24,2000.0,500.0,saheli
YS-N24/63-6300180/2020,03/03/2020,1056.0,10/01/2020,,,10/02/2020,,,10/03/2020,,,10/04/2020,,,,,,,,,,,,,,,63,B,N24,2000.0,500.0,saheli
YS-N24/63-6300267/2020,10/03/2020,1219.0,10/01/2020,17/02/2021,1602.0,10/02/2020,27/03/2021,1740.0,10/03/2020,,,10/04/2020,,,,,,,,,,,,,,,63,B,N24,2000.0,500.0,saheli
YS-N24/63-6300268/2020,10/03/2020,1222.0,10/01/2020,06/02/2021,1547.0,10/02/2020,09/03/2021,1658.0,10/03/2020,,,10/04/2020,,,,,,,,,,,,,,,63,B,N24,2000.0,500.0,saheli
YS-N24/63-6300269/2020,10/03/2020,1228.0,10/01/2020,,,10/02/2020,,,10/03/2020,,,10/04/2020,,,,,,,,,,,,,,,63,B,N24,2000.0,500.0,saheli
YS-N24/63-6300270/2020,10/03/2020,1229.0,10/01/2020,09/03/2021,1656.0,10/02/2020,12/03/2021,1687.0,10/03/2020,,,10/04/2020,,,,,,,,,,,,,,,63,B,N24,2000.0,500.0,saheli
YS-N24/63-6300271/2020,10/03/2020,1230.0,10/01/2020,,,10/02/2020,,,10/03/2020,,,10/04/2020,,,,,,,,,,,,,,,63,B,N24,2000.0,500.0,saheli
YS-N24/63-6300272/2020,10/03/2020,1231.0,10/01/2020,,,10/02/2020,,,10/03/2020,,,10/04/2020,,,,,,,,,,,,,,,63,B,N24,2000.0,500.0,saheli
YS-N24/63-6300273/2020,10/03/2020,1232.0,10/01/2020,,,10/02/2020,,,10/03/2020,,,10/04/2020,,,,,,,,,,,,,,,63,B,N24,2000.0,500.0,saheli
YS-N24/63-6300274/2020,11/03/2020,1252.0,10/01/2020,08/02/2021,1558.0,10/02/2020,11/03/2021,1683.0,10/03/2020,,,10/04/2020,,,,,,,,,,,,,,,63,B,N24,2000.0,500.0,saheli
YS-N24/63-6300275/2020,11/03/2020,1254.0,10/01/2020,,,10/02/2020,,,10/03/2020,,,10/04/2020,,,,,,,,,,,,,,,63,B,N24,2000.0,500.0,PROMITA
YS-N24/63-6300276/2020,11/03/2020,1257.0,10/01/2020,28/01/2021,1505.0,10/02/2020,08/03/2021,1639.0,10/03/2020,,,10/04/2020,,,,,,,,,,,,,,,63,B,N24,2000.0,500.0,saheli
YS-N24/63-6300277/2020,11/03/2020,1258.0,10/01/2020,,,10/02/2020,,,10/03/2020,,,10/04/2020,,,,,,,,,,,,,,,63,B,N24,2000.0,500.0,saheli
YS-N24/63-6300278/2020,11/03/2020,1259.0,10/01/2020,10/02/2021,1574.0,10/02/2020,10/03/2021,1661.0,10/03/2020,,,10/04/2020,,,,,,,,,,,,,,,63,B,N24,2000.0,500.0,saheli
YS-N24/63-6300279/2020,11/03/2020,1260.0,10/01/2020,20/02/2021,1611.0,10/02/2020,10/03/2021,1665.0,10/03/2020,,,10/04/2020,,,,,,,,,,,,,,,63,B,N24,2000.0,500.0,saheli
YS-N24/63-6300280/2020,11/03/2020,1261.0,10/01/2020,10/02/2021,1573.0,10/02/2020,06/03/2021,1634.0,10/03/2020,,,10/04/2020,,,,,,,,,,,,,,,63,B,N24,2000.0,500.0,saheli
YS-N24/63-6300281/2020,11/03/2020,1262.0,10/01/2020,,,10/02/2020,,,10/03/2020,,,10/04/2020,,,,,,,,,,,,,,,63,B,N24,2000.0,500.0,saheli
YS-N24/63-6300282/2020,11/03/2020,1263.0,10/01/2020,,,10/02/2020,,,10/03/2020,,,10/04/2020,,,,,,,,,,,,,,,63,B,N24,2000.0,500.0,saheli
YS-N24/63-6300283/2020,11/03/2020,1264.0,10/01/2020,10/02/2021,1579.0,10/02/2020,20/03/2021,1724.0,10/03/2020,,,10/04/2020,,,,,,,,,,,,,,,63,B,N24,2000.0,500.0,saheli
YS-N24/63-6300284/2020,11/03/2020,1265.0,10/01/2020,15/02/2021,1599.0,10/02/2020,15/03/2021,1697.0,10/03/2020,,,10/04/2020,,,,,,,,,,,,,,,63,B,N24,2000.0,500.0,saheli
YS-N24/63-6300285/2020,11/03/2020,1266.0,10/01/2020,,,10/02/2020,,,10/03/2020,,,10/04/2020,,,,,,,,,,,,,,,63,B,N24,2000.0,500.0,saheli
YS-N24/63-6300286/2020,11/03/2020,1277.0,10/01/2020,,,10/02/2020,,,10/03/2020,,,10/04/2020,,,,,,,,,,,,,,,63,B,N24,2000.0,500.0,saheli
YS-N24/63-6300287/2020,11/03/2020,1280.0,10/01/2020,,,10/02/2020,,,10/03/2020,,,10/04/2020,,,,,,,,,,,,,,,63,B,N24,2000.0,500.0,saheli
YS-N24/63-6300288/2020,11/03/2020,1282.0,10/01/2020,,,10/02/2020,,,10/03/2020,,,10/04/2020,,,,,,,,,,,,,,,63,B,N24,2000.0,500.0,saheli
YS-N24/63-6300289/2020,11/03/2020,1286.0,10/01/2020,,,10/02/2020,,,10/03/2020,,,10/04/2020,,,,,,,,,,,,,,,63,B,N24,2000.0,500.0,saheli
YS-N24/63-6300290/2020,11/03/2020,1287.0,10/01/2020,,,10/02/2020,,,10/03/2020,,,10/04/2020,,,,,,,,,,,,,,,63,B,N24,2000.0,500.0,saheli
YS-N24/63-6300291/2020,12/03/2020,1289.0,10/01/2020,,,10/02/2020,,,10/03/2020,,,10/04/2020,,,,,,,,,,,,,,,63,B,N24,2000.0,500.0,saheli
YS-N24/63-6300292/2020,12/03/2020,1290.0,10/01/2020,,,10/02/2020,,,10/03/2020,,,10/04/2020,,,,,,,,,,,,,,,63,B,N24,2000.0,500.0,saheli
YS-N24/63-6300293/2020,12/03/2020,1293.0,10/01/2020,,,10/02/2020,,,10/03/2020,,,10/04/2020,,,,,,,,,,,,,,,63,B,N24,2000.0,500.0,saheli
YS-N24/63-6300294/2020,12/03/2020,1294.0,10/01/2020,,,10/02/2020,,,10/03/2020,,,10/04/2020,,,,,,,,,,,,,,,63,B,N24,2000.0,500.0,saheli
YS-N24/63-6300295/2020,12/03/2020,1295.0,10/01/2020,,,10/02/2020,,,10/03/2020,,,10/04/2020,,,,,,,,,,,,,,,63,B,N24,2000.0,500.0,saheli
YS-N24/63-6300296/2020,12/03/2020,1296.0,10/01/2020,,,10/02/2020,,,10/03/2020,,,10/04/2020,,,,,,,,,,,,,,,63,B,N24,2000.0,500.0,saheli
YS-N24/63-6300297/2020,12/03/2020,1297.0,10/01/2020,10/02/2021,1575.0,10/02/2020,17/03/2021,1711.0,10/03/2020,,,10/04/2020,,,,,,,,,,,,,,,63,B,N24,2000.0,500.0,saheli
YS-N24/63-6300298/2020,12/03/2020,1298.0,10/01/2020,,,10/02/2020,,,10/03/2020,,,10/04/2020,,,,,,,,,,,,,,,63,B,N24,2000.0,500.0,saheli
YS-N24/63-6300299/2020,12/03/2020,1299.0,10/01/2020,,,10/02/2020,,,10/03/2020,,,10/04/2020,,,,,,,,,,,,,,,63,B,N24,2000.0,500.0,saheli
YS-N24/63-6300300/2020,12/03/2020,1300.0,10/01/2020,,,10/02/2020,,,10/03/2020,,,10/04/2020,,,,,,,,,,,,,,,63,B,N24,2000.0,500.0,saheli
YS-N24/63-6300301/2020,12/03/2020,1301.0,10/01/2020,10/02/2021,1572.0,10/02/2020,10/03/2021,1668.0,10/03/2020,,,10/04/2020,,,,,,,,,,,,,,,63,B,N24,2000.0,500.0,saheli
YS-N24/63-6300302/2020,12/03/2020,1302.0,10/01/2020,,,10/02/2020,,,10/03/2020,,,10/04/2020,,,,,,,,,,,,,,,63,B,N24,2000.0,500.0,saheli
YS-N24/63-6300303/2020,12/03/2020,1303.0,10/01/2020,01/02/2021,1518.0,10/02/2020,,,10/03/2020,,,10/04/2020,,,,,,,,,,,,,,,63,B,N24,2000.0,500.0,saheli
YS-N24/63-6300304/2020,12/03/2020,1304.0,10/01/2020,,,10/02/2020,,,10/03/2020,,,10/04/2020,,,,,,,,,,,,,,,63,B,N24,2000.0,500.0,saheli
YS-N24/63-6300305/2020,12/03/2020,1305.0,10/01/2020,,,10/02/2020,,,10/03/2020,,,10/04/2020,,,,,,,,,,,,,,,63,B,N24,2000.0,500.0,saheli
YS-N24/63-6300306/2020,12/03/2020,1306.0,10/01/2020,,,10/02/2020,,,10/03/2020,,,10/04/2020,,,,,,,,,,,,,,,63,B,N24,2000.0,500.0,PROMITA
YS-N24/63-6300307/2020,12/03/2020,1311.0,10/01/2020,,,10/02/2020,,,10/03/2020,,,10/04/2020,,,,,,,,,,,,,,,63,B,N24,2000.0,500.0,PROMITA
YS-N24/63-6300308/2020,12/03/2020,1312.0,10/01/2020,15/03/2021,1704.0,10/02/2020,09/04/2021,1766.0,10/03/2020,,,10/04/2020,,,,,,,,,,,,,,,63,B,N24,2000.0,500.0,saheli
YS-N24/63-6300309/2020,12/03/2020,1313.0,10/01/2020,,,10/02/2020,,,10/03/2020,,,10/04/2020,,,,,,,,,,,,,,,63,B,N24,2000.0,500.0,PROMITA
YS-N24/63-6300310/2020,12/03/2020,1314.0,10/01/2020,,,10/02/2020,,,10/03/2020,,,10/04/2020,,,,,,,,,,,,,,,63,B,N24,2000.0,500.0,saheli
YS-N24/63-6300311/2020,12/03/2020,1315.0,10/01/2020,,,10/02/2020,,,10/03/2020,,,10/04/2020,,,,,,,,,,,,,,,63,B,N24,2000.0,500.0,saheli
YS-N24/63-6300312/2020,12/03/2020,1316.0,10/01/2020,,,10/02/2020,,,10/03/2020,,,10/04/2020,,,,,,,,,,,,,,,63,B,N24,2000.0,500.0,saheli
YS-N24/63-6300313/2020,12/03/2020,1318.0,10/01/2020,,,10/02/2020,,,10/03/2020,,,10/04/2020,,,,,,,,,,,,,,,63,B,N24,2000.0,500.0,saheli
YS-N24/63-6300314/2020,12/03/2020,1319.0,10/01/2020,,,10/02/2020,,,10/03/2020,,,10/04/2020,,,,,,,,,,,,,,,63,B,N24,2000.0,500.0,PROMITA
YS-N24/63-6300315/2020,12/03/2020,1320.0,10/01/2020,,,10/02/2020,,,10/03/2020,,,10/04/2020,,,,,,,,,,,,,,,63,B,N24,2000.0,500.0,PROMITA
YS-N24/63-6300316/2020,12/03/2020,1321.0,10/01/2020,01/02/2021,1520.0,10/02/2020,08/03/2021,1642.0,10/03/2020,,,10/04/2020,,,,,,,,,,,,,,,63,B,N24,2000.0,500.0,saheli
YS-N24/63-6300317/2020,13/03/2020,1327.0,10/01/2020,,,10/02/2020,,,10/03/2020,,,10/04/2020,,,,,,,,,,,,,,,63,B,N24,2000.0,500.0,saheli
YS-N24/63-6300318/2020,13/03/2020,1328.0,10/01/2020,08/02/2021,1554.0,10/02/2020,08/03/2021,1640.0,10/03/2020,,,10/04/2020,,,,,,,,,,,,,,,63,B,N24,2000.0,500.0,saheli
YS-N24/63-6300319/2020,13/03/2020,1329.0,10/01/2020,,,10/02/2020,,,10/03/2020,,,10/04/2020,,,,,,,,,,,,,,,63,B,N24,2000.0,500.0,saheli
YS-N24/63-6300320/2020,13/03/2020,1330.0,10/01/2020,,,10/02/2020,,,10/03/2020,,,10/04/2020,,,,,,,,,,,,,,,63,B,N24,2000.0,500.0,saheli
YS-N24/63-6300321/2020,13/03/2020,1332.0,10/01/2020,08/02/2021,1555.0,10/02/2020,18/03/2021,1719.0,10/03/2020,,,10/04/2020,,,,,,,,,,,,,,,63,B,N24,2000.0,500.0,saheli
YS-N24/63-6300322/2020,13/03/2020,1333.0,10/01/2020,,,10/02/2020,,,10/03/2020,,,10/04/2020,,,,,,,,,,,,,,,63,B,N24,2000.0,500.0,PROMITA
YS-N24/63-6300323/2020,13/03/2020,1335.0,10/01/2020,28/01/2021,1510.0,10/02/2020,08/03/2021,1650.0,10/03/2020,,,10/04/2020,,,,,,,,,,,,,,,63,B,N24,2000.0,500.0,saheli
YS-N24/63-6300324/2020,13/03/2020,1336.0,10/01/2020,28/01/2021,1509.0,10/02/2020,11/03/2021,1686.0,10/03/2020,,,10/04/2020,,,,,,,,,,,,,,,63,B,N24,2000.0,500.0,saheli
YS-N24/63-6300325/2020,13/03/2020,1337.0,10/01/2020,08/02/2021,1561.0,10/02/2020,08/03/2021,1648.0,10/03/2020,,,10/04/2020,,,,,,,,,,,,,,,63,B,N24,2000.0,500.0,saheli
YS-N24/63-6300326/2020,13/03/2020,1339.0,10/01/2020,13/03/2020,1340.0,10/02/2020,,,,,,,,,,,,,,,,,,,,,63,A,N24,1200.0,600.0,PROMITA
YS-N24/63-6300327/2020,13/03/2020,1343.0,10/01/2020,01/02/2021,1521.0,10/02/2020,11/03/2021,1685.0,10/03/2020,,,10/04/2020,,,,,,,,,,,,,,,63,B,N24,2000.0,500.0,saheli
YS-N24/63-6300328/2020,13/03/2020,1344.0,10/01/2020,08/02/2021,1562.0,10/02/2020,08/03/2021,1649.0,10/03/2020,,,10/04/2020,,,,,,,,,,,,,,,63,B,N24,2000.0,500.0,saheli
YS-N24/63-6300329/2020,13/03/2020,1345.0,10/01/2020,,,10/02/2020,,,10/03/2020,,,10/04/2020,,,,,,,,,,,,,,,63,B,N24,2000.0,500.0,saheli
YS-N24/63-6300330/2020,13/03/2020,1347.0,10/01/2020,,,10/02/2020,,,10/03/2020,,,10/04/2020,,,,,,,,,,,,,,,63,B,N24,2000.0,500.0,PROMITA
YS-N24/63-6300331/2020,13/03/2020,1350.0,10/01/2020,19/02/2021,1607.0,10/02/2020,13/03/2021,1692.0,10/03/2020,,,10/04/2020,,,,,,,,,,,,,,,63,B,N24,2000.0,500.0,saheli
YS-N24/63-6300332/2020,13/03/2020,1351.0,10/01/2020,,,10/02/2020,,,10/03/2020,,,10/04/2020,,,,,,,,,,,,,,,63,B,N24,2000.0,500.0,PROMITA
YS-N24/63-6300333/2020,13/03/2020,1352.0,10/01/2020,23/11/2021,1775.0,10/02/2020,23/11/2021,1775.0,10/03/2020,,,10/04/2020,,,,,,,,,,,,,,,63,B,N24,2000.0,500.0,saikat dey
YS-N24/63-6300334/2020,13/03/2020,1355.0,10/01/2020,10/02/2021,1570.0,10/02/2020,10/03/2021,1664.0,10/03/2020,,,10/04/2020,,,,,,,,,,,,,,,63,B,N24,2000.0,500.0,saheli
YS-N24/63-6300335/2020,13/03/2020,1356.0,10/01/2020,13/03/2020,1357.0,10/02/2020,,,10/03/2020,,,10/04/2020,,,,,,,,,,,,,,,63,B,N24,2000.0,500.0,PROMITA
YS-N24/63-6300336/2020,14/03/2020,1361.0,10/01/2020,06/02/2021,1548.0,10/02/2020,20/03/2021,1725.0,10/03/2020,,,10/04/2020,,,,,,,,,,,,,,,63,B,N24,2000.0,500.0,saheli
YS-N24/63-6300337/2020,14/03/2020,1363.0,10/01/2020,,,10/02/2020,,,10/03/2020,,,10/04/2020,,,,,,,,,,,,,,,63,B,N24,2000.0,500.0,saheli
YS-N24/63-6300338/2020,14/03/2020,1364.0,10/01/2020,,,10/02/2020,,,10/03/2020,,,10/04/2020,,,,,,,,,,,,,,,63,B,N24,2000.0,500.0,saheli
YS-N24/63-6300339/2020,14/03/2020,1365.0,10/01/2020,,,10/02/2020,,,10/03/2020,,,10/04/2020,,,,,,,,,,,,,,,63,B,N24,2000.0,500.0,saheli
YS-N24/63-6300340/2020,14/03/2020,1369.0,10/01/2020,,,10/02/2020,,,10/03/2020,,,10/04/2020,,,,,,,,,,,,,,,63,B,N24,2000.0,500.0,saheli
YS-N24/63-6300341/2020,14/03/2020,1370.0,10/01/2020,,,10/02/2020,,,10/03/2020,,,10/04/2020,,,,,,,,,,,,,,,63,B,N24,2000.0,500.0,PROMITA
YS-N24/63-6300342/2020,14/03/2020,1374.0,10/01/2020,08/02/2021,1556.0,10/02/2020,18/03/2021,1720.0,10/03/2020,,,10/04/2020,,,,,,,,,,,,,,,63,B,N24,2000.0,500.0,saheli
YS-N24/63-6300343/2020,14/03/2020,1376.0,10/01/2020,,,10/02/2020,,,10/03/2020,,,10/04/2020,,,,,,,,,,,,,,,63,B,N24,2000.0,500.0,PROMITA
YS-N24/63-6300344/2020,14/03/2020,1378.0,10/01/2020,,,10/02/2020,,,10/03/2020,,,10/04/2020,,,,,,,,,,,,,,,63,B,N24,2000.0,500.0,PROMITA
YS-N24/63-6300345/2020,15/03/2020,1380.0,10/01/2020,,,10/02/2020,,,10/03/2020,,,10/04/2020,,,,,,,,,,,,,,,63,B,N24,2000.0,500.0,saheli
YS-N24/63-6300346/2020,15/03/2020,1382.0,10/01/2020,15/03/2021,1702.0,10/02/2020,01/04/2021,1748.0,10/03/2020,,,10/04/2020,,,,,,,,,,,,,,,63,B,N24,2000.0,500.0,saheli
YS-N24/63-6300347/2020,15/03/2020,1383.0,10/01/2020,04/03/2021,1632.0,10/02/2020,05/04/2021,1757.0,10/03/2020,,,10/04/2020,,,,,,,,,,,,,,,63,B,N24,2000.0,500.0,saheli
YS-N24/63-6300348/2020,15/03/2020,1384.0,10/01/2020,,,10/02/2020,,,10/03/2020,,,10/04/2020,,,,,,,,,,,,,,,63,B,N24,2000.0,500.0,PROMITA
YS-N24/63-6300349/2020,16/03/2020,1386.0,10/01/2020,02/02/2021,1524.0,10/02/2020,23/03/2021,1730.0,10/03/2020,,,10/04/2020,,,,,,,,,,,,,,,63,B,N24,2000.0,500.0,saheli
YS-N24/63-6300350/2020,16/03/2020,1387.0,10/01/2020,,,10/02/2020,,,10/03/2020,,,10/04/2020,,,,,,,,,,,,,,,63,B,N24,2000.0,500.0,saheli
YS-N24/63-6300351/2020,16/03/2020,1388.0,10/01/2020,,,10/02/2020,,,10/03/2020,,,10/04/2020,,,,,,,,,,,,,,,63,B,N24,2000.0,500.0,saheli
YS-N24/63-6300352/2020,16/03/2020,1389.0,10/01/2020,,,10/02/2020,,,10/03/2020,,,10/04/2020,,,,,,,,,,,,,,,63,B,N24,2000.0,500.0,saheli
YS-N24/63-6300353/2020,16/03/2020,1390.0,10/01/2020,,,10/02/2020,,,10/03/2020,,,10/04/2020,,,,,,,,,,,,,,,63,B,N24,2000.0,500.0,saheli
YS-N24/63-6300354/2020,16/03/2020,1391.0,10/01/2020,,,10/02/2020,,,10/03/2020,,,10/04/2020,,,,,,,,,,,,,,,63,B,N24,2000.0,500.0,saheli
YS-N24/63-6300355/2020,16/03/2020,1392.0,10/01/2020,,,10/02/2020,,,10/03/2020,,,10/04/2020,,,,,,,,,,,,,,,63,B,N24,2000.0,500.0,PROMITA
YS-N24/63-6300356/2020,16/03/2020,1393.0,10/01/2020,,,10/02/2020,,,10/03/2020,,,10/04/2020,,,,,,,,,,,,,,,63,B,N24,2000.0,500.0,PROMITA
YS-N24/63-6300357/2020,16/03/2020,1394.0,10/01/2020,11/03/2021,1678.0,10/02/2020,22/03/2021,1728.0,10/03/2020,,,10/04/2020,,,,,,,,,,,,,,,63,B,N24,2000.0,500.0,saheli
YS-N24/63-6300358/2020,16/03/2020,1396.0,10/01/2020,,,10/02/2020,,,10/03/2020,,,10/04/2020,,,,,,,,,,,,,,,63,B,N24,2000.0,500.0,PROMITA
YS-N24/63-6300359/2020,16/03/2020,1400.0,10/01/2020,16/03/2020,1401.0,10/02/2020,,,,,,,,,,,,,,,,,,,,,63,A,N24,1200.0,600.0,PROMITA
YS-N24/63-6300360/2020,17/03/2020,1402.0,10/01/2020,,,10/02/2020,,,10/03/2020,,,10/04/2020,,,,,,,,,,,,,,,63,B,N24,2000.0,500.0,saheli
YS-N24/63-6300361/2020,17/03/2020,1403.0,10/01/2020,,,10/02/2020,,,10/03/2020,,,10/04/2020,,,,,,,,,,,,,,,63,B,N24,2000.0,500.0,PROMITA
YS-N24/63-6300362/2020,17/03/2020,1409.0,10/01/2020,,,10/02/2020,,,10/03/2020,,,10/04/2020,,,,,,,,,,,,,,,63,B,N24,2000.0,500.0,saheli
YS-N24/63-6300363/2020,17/03/2020,1410.0,10/01/2020,,,10/02/2020,,,10/03/2020,,,10/04/2020,,,,,,,,,,,,,,,63,B,N24,2000.0,500.0,saheli
YS-N24/63-6300364/2020,17/03/2020,1412.0,10/01/2020,,,10/02/2020,,,10/03/2020,,,10/04/2020,,,,,,,,,,,,,,,63,B,N24,2000.0,500.0,PROMITA
YS-N24/63-6300365/2020,17/03/2020,1413.0,10/01/2020,,,10/02/2020,,,10/03/2020,,,10/04/2020,,,,,,,,,,,,,,,63,B,N24,2000.0,500.0,PROMITA
YS-N24/63-6300366/2020,17/03/2020,1414.0,10/01/2020,25/02/2021,1622.0,10/02/2020,08/04/2021,1764.0,10/03/2020,,,10/04/2020,,,,,,,,,,,,,,,63,B,N24,2000.0,500.0,saheli
YS-N24/63-6300367/2020,18/03/2020,1418.0,10/01/2020,25/02/2021,1621.0,10/02/2020,,,10/03/2020,,,10/04/2020,,,,,,,,,,,,,,,63,B,N24,2000.0,500.0,saheli
YS-N24/63-6300368/2020,18/03/2020,1419.0,10/01/2020,,,10/02/2020,,,10/03/2020,,,10/04/2020,,,,,,,,,,,,,,,63,B,N24,2000.0,500.0,saheli
YS-N24/63-6300369/2020,18/03/2020,1421.0,10/01/2020,,,10/02/2020,,,10/03/2020,,,10/04/2020,,,,,,,,,,,,,,,63,B,N24,2000.0,500.0,saheli
YS-N24/63-6300370/2020,18/03/2020,1422.0,10/01/2020,24/02/2021,1620.0,10/02/2020,31/03/2021,1744.0,10/03/2020,,,10/04/2020,,,,,,,,,,,,,,,63,B,N24,2000.0,500.0,saheli
YS-N24/63-6300371/2020,18/03/2020,1424.0,10/01/2020,11/02/2021,1590.0,10/02/2020,15/03/2021,1696.0,10/03/2020,,,10/04/2020,,,,,,,,,,,,,,,63,B,N24,2000.0,500.0,saheli
YS-N24/63-6300372/2020,18/03/2020,1426.0,10/01/2020,,,10/02/2020,,,10/03/2020,,,10/04/2020,,,,,,,,,,,,,,,63,B,N24,2000.0,500.0,PROMITA
YS-N24/63-6300373/2020,18/03/2020,1427.0,10/01/2020,,,10/02/2020,,,10/03/2020,,,10/04/2020,,,,,,,,,,,,,,,63,B,N24,2000.0,500.0,saheli
YS-N24/63-6300374/2020,18/03/2020,1428.0,10/01/2020,,,10/02/2020,,,10/03/2020,,,10/04/2020,,,,,,,,,,,,,,,63,B,N24,2000.0,500.0,saheli
YS-N24/63-6300375/2020,18/03/2020,1429.0,10/01/2020,22/02/2021,1615.0,10/02/2020,15/03/2021,1699.0,10/03/2020,,,10/04/2020,,,,,,,,,,,,,,,63,B,N24,2000.0,500.0,saheli
YS-N24/63-6300376/2020,18/03/2020,1433.0,10/01/2020,,,10/02/2020,,,10/03/2020,,,10/04/2020,,,,,,,,,,,,,,,63,B,N24,2000.0,500.0,PROMITA
YS-N24/63-6300377/2020,19/03/2020,1436.0,10/01/2020,10/02/2021,1578.0,10/02/2020,10/03/2021,1666.0,10/03/2020,,,10/04/2020,,,,,,,,,,,,,,,63,B,N24,2000.0,500.0,saheli
YS-N24/63-6300378/2020,19/03/2020,1437.0,10/01/2020,11/02/2021,1589.0,10/02/2020,10/03/2021,1667.0,10/03/2020,,,10/04/2020,,,,,,,,,,,,,,,63,B,N24,2000.0,500.0,saheli
YS-N24/63-6300379/2020,19/03/2020,1438.0,10/01/2020,11/02/2021,1592.0,10/02/2020,15/03/2021,1703.0,10/03/2020,,,10/04/2020,,,,,,,,,,,,,,,63,B,N24,2000.0,500.0,saheli
YS-N24/63-6300380/2020,19/03/2020,1439.0,10/01/2020,,,10/02/2020,,,10/03/2020,,,10/04/2020,,,,,,,,,,,,,,,63,B,N24,2000.0,500.0,PROMITA
YS-N24/63-6300381/2020,20/03/2020,1440.0,10/01/2020,,,10/02/2020,,,10/03/2020,,,10/04/2020,,,,,,,,,,,,,,,63,B,N24,2000.0,500.0,saheli
YS-N24/63-6300382/2020,20/03/2020,1441.0,10/01/2020,01/02/2021,1517.0,10/02/2020,07/04/2021,1762.0,10/03/2020,,,10/04/2020,,,,,,,,,,,,,,,63,B,N24,2000.0,500.0,saheli
YS-N24/63-6300383/2020,13/01/2021,1445.0,10/01/2020,13/01/2021,1446.0,10/02/2020,13/01/2021,1446.0,10/03/2020,13/01/2021,1446.0,10/04/2020,,,,,,,,,,,,,,,63,A,N24,2000.0,500.0,saheli
YS-N24/63-6300384/2020,16/01/2021,1450.0,10/01/2020,16/01/2021,1451.0,10/02/2020,16/01/2021,1451.0,10/03/2020,16/01/2021,1451.0,10/04/2020,,,,,,,,,,,,,,,63,A,N24,2000.0,500.0,saheli
YS-N24/63-6300385/2020,27/01/2021,1467.0,10/01/2020,27/01/2021,1468.0,10/02/2020,27/01/2021,1468.0,10/03/2020,27/01/2021,1468.0,10/04/2020,,,,,,,,,,,,,,,63,A,N24,2000.0,500.0,saheli
YS-N24/63-6300386/2020,27/01/2021,1479.0,10/01/2020,27/01/2021,1480.0,10/02/2020,27/01/2021,1480.0,10/03/2020,27/01/2021,1480.0,10/04/2020,,,,,,,,,,,,,,,63,A,N24,2000.0,500.0,saheli
YS-N24/63-6300387/2020,30/01/2021,1514.0,10/01/2020,10/02/2021,1577.0,10/02/2020,17/03/2021,1709.0,10/03/2020,,,10/04/2020,,,,,,,,,,,,,,,63,B,N24,2000.0,500.0,saheli
YS-N24/63-6300388/2020,06/02/2021,1544.0,10/01/2020,06/02/2021,1545.0,10/02/2020,11/03/2021,1679.0,10/03/2020,,,10/04/2020,,,,,,,,,,,,,,,63,B,N24,2000.0,500.0,saheli
YS-N24/63-6300389/2020,20/02/2021,1612.0,10/01/2020,20/02/2021,1613.0,10/02/2020,24/03/2021,1734.0,10/03/2020,,,10/04/2020,,,,,,,,,,,,,,,63,B,N24,2000.0,500.0,saheli
YS-N24/63-6300390/2020,06/03/2021,1635.0,10/01/2020,10/03/2021,1674.0,10/02/2020,10/03/2021,1674.0,10/03/2020,,,10/04/2020,,,,,,,,,,,,,,,63,B,N24,2000.0,500.0,saheli
